site_id,coord_key,Latitude,Longitude,facility_count,providers,facilities,addresses
1,"25.773819,-80.325301",25.7738192,-80.3253011,1,AT&T,Miami MIA1 Data Center,"444 Northwest 79th Avenue, Miami, FL, USA"
2,"25.775622,-80.188221",25.7756219,-80.1882208,1,Volico Data Center,MIA1 - Miami Data Center,"100 Biscayne Boulevard, Miami, FL, USA"
3,"25.775702,-80.193056",25.7757021,-80.193056,1,Hivelocity,Miami Data Center,"36 Northeast 2nd Street, Miami, Florida, USA"
4,"25.775869,-80.19313",25.7758686,-80.1931295,4,Colocation America | Equinix | Latitude.sh | Volico Data Center,MI2 Miami Data Center | MIA2 - Miami Data Center | Miami | MiamiDC1 Data Center,"36 NE 2nd St ste 400, Miami, FL, USA | 36 NE 2nd St, Miami, FL, USA | 36 Northeast 2nd Street, Miami, FL 33132, USA | 36 Northeast 2nd Street, Miami, FL, USA"
5,"25.78202,-80.193025",25.7820205,-80.1930247,1,Navegalo,Navegalo Miami Data Center,"50 NE 8th St, Miami, FL, USA"
6,"25.782365,-80.19313",25.7823647,-80.1931295,1,MOD Mission Critical,MI1 - MI1 Data Center PoP,"50 NE 9th St, Miami, FL, USA"
7,"25.782648,-80.193157",25.782648,-80.193157,1,Equinix,MI1 Miami Data Center,"50 Northeast 9th Street, Miami, FL, USA"
8,"25.782956,-80.417208",25.7829562,-80.4172076,1,Metrobloks,MIA-A1 Metrobloks Data Center,"500 Northwest 137th Avenue, Miami, Florida, EE. UU."
9,"25.787654,-80.35561",25.7876542,-80.3556096,1,Equinix,MI6 Doral Data Center,"1525 Northwest 98th Court, Doral, FL, USA"
10,"25.791479,-80.379583",25.7914787,-80.3795829,1,QTS Data Centers,Miami Data Center,"11234 Northwest 20th Street, Miami, FL, USA"
11,"25.795235,-80.343156",25.7952349,-80.3431557,1,Aptum Technologies,MIA-89P Data Center,"2300 NW 89th Pl, Doral, FL 33172, USA"
12,"25.796127,-80.379946",25.7961266,-80.3799457,1,RadiusDC,11300 NW (Miami) Data Center,"11300 Northwest 25th Street, Sweetwater, Florida, USA"
13,"25.797535,-80.230122",25.7975351,-80.2301222,1,LeaseWeb,Miami MIA-11 Data Center,"2115 NW 22nd St, Miami, FL 33142, USA"
14,"25.797537,-80.230127",25.7975372,-80.2301272,1,CoreSite,MI1 Miami Data Center,"2115 Northwest 22nd Street, Miami, FL, USA"
15,"25.797952,-80.21482",25.7979518,-80.2148204,1,Lumen,Miami 4 Data Center,"1109 Northwest 22nd Street, Miami, FL, USA"
16,"25.807949,-80.328666",25.8079494,-80.3286655,1,Cogent Communications,Doral Data Center,"3701 Northwest 82nd Avenue, Doral, FL, USA"
17,"25.848329,-80.194812",25.848329,-80.194812,1,iM Critical,Miami Data Center,"100 Northeast 80th Terrace, Miami, FL 33138, USA"
18,"25.884588,-80.247207",25.8845875,-80.2472068,1,Iron Mountain Data Centers,MIA-1 - Miami Data Center,"2925 Northwest 120th Terrace, Miami, FL, USA"
19,"25.92513,-80.224806",25.9251305,-80.2248058,1,Verizon,Verizon Miami,"16563 NW 15th Ave, Miami, Florida 33169, USA"
20,"25.945518,-80.191397",25.9455183,-80.1913972,1,EdgeConnex,MIA02 Miami Data Center,"475 Northeast 185th Street, Miami, FL, USA"
21,"26.184971,-80.190819",26.1849712,-80.1908194,1,365 Data Centers,FTL Fort Lauderdale Data Center,"3250 West Commercial Boulevard, Fort Lauderdale, FL, USA"
22,"26.190264,-80.19326",26.1902642,-80.1932602,1,Flexential,Fort Lauderdale Data Center,"5301 Northwest 33rd Avenue, Fort Lauderdale, FL, USA"
23,"26.19349,-97.690697",26.19349,-97.690697,1,Lumen,Harlingen 1 Data Center,"514 East Monroe Avenue, Harlingen, TX, USA"
24,"26.19939,-98.232154",26.1993898,-98.2321541,1,MDC Data Centers,MCA2 McAllen Data Center,"422 S 11th St, McAllen, TX, USA"
25,"26.201918,-98.231632",26.201918,-98.2316325,1,MDC Data Centers,MCA1 McAllen Data Center,"200 S 10th St, McAllen, TX 78501, USA"
26,"26.201973,-98.231373",26.2019727,-98.2313729,1,1547 Critical Systems Realty,McAllen TX Data Center,"Chase Bank, South 10th Street, McAllen, TX, USA"
27,"26.204993,-98.229103",26.2049933,-98.2291032,1,Lumen,McAllen 1 Data Center,"906 Beech Avenue, McAllen, TX, USA"
28,"26.289687,-80.130014",26.2896874,-80.1300143,1,Volico Data Center,FLL1 - Broward Data Center,"500 Green Road, Deerfield Beach, FL 33064, USA"
29,"26.381702,-80.083994",26.3817024,-80.0839936,1,365 Data Centers,BCA Boca Raton Data Center,"3500 Northwest Boca Raton Boulevard, Boca Raton, FL, USA"
30,"26.388935,-80.109292",26.3889349,-80.1092917,1,Equinix,MI3 Boca Raton Data Center,"4680 Conference Way South, Boca Raton, FL, USA"
31,"26.392805,-80.109732",26.3928052,-80.109732,1,Cogent Communications,Boca Raton Data Center,"5050 Conference Way North, Boca Raton, FL, USA"
32,"26.649086,-81.853923",26.649086,-81.853923,1,Lumen,Fort Myers 1 Data Center,"1547 Seaboard Street, Fort Myers, FL, USA"
33,"26.683543,-80.055151",26.683543,-80.0551513,1,Lumen,West Palm Beach 1 Data Center,"410 Hampton Road, West Palm Beach, FL, USA"
34,"27.505839,-99.500883",27.505839,-99.500883,1,Lumen,Laredo 1 Data Center,"504 Farragut Street, Laredo, TX, USA"
35,"27.792852,-97.451531",27.7928524,-97.451531,1,Lumen,Corpus Christi 1 Data Center,"4901 Westway Drive, Corpus Christi, TX, USA"
36,"27.944569,-82.457833",27.9445688,-82.4578332,1,CenterServ,Tampa Data Center,"100 Ashley Drive South, Tampa, FL, USA"
37,"27.945324,-82.351199",27.9453237,-82.3511991,1,Centersquare,TPA1 Tampa Data Center Campus,"9310 Florida Palm Drive, Tampa, FL, USA"
38,"27.94601,-82.351131",27.94601,-82.3511311,1,Centersquare,TPA1-A Tampa Data Center,"9310 Florida Palm Drive, Tampa, FL 33619, USA"
39,"27.947609,-82.459464",27.9476094,-82.4594637,1,Cogent Communications,Tampa Data Center,"400 North Tampa Street, Tampa, FL, USA"
40,"27.948986,-82.457025",27.9489863,-82.4570254,1,Acehost Data Centers,Tampa Data Center,"412 East Madison Street, Tampa, FL, USA"
41,"27.949602,-82.45843",27.9496021,-82.4584298,1,365 Data Centers,TA1 Tampa Data Center,"655 North Franklin Street, Tampa, FL, USA"
42,"27.952893,-82.502178",27.9528929,-82.5021785,1,Innova Solutions,Florida Data Center II,"The Loft at Midtown, 3615 Bromley Grand Avenue, Tampa, Florida, USA"
43,"27.997494,-82.547539",27.9974944,-82.5475392,1,Innova Solutions,Florida Data Center I,"5421 Beaumont Center Boulevard suite 685, Tampa, FL 33634, USA"
44,"28.003921,-82.3582",28.0039212,-82.3582002,1,Lumen,Tampa 2 Data Center,"5907 Hampton Oaks Parkway, Tampa, FL, USA"
45,"28.004888,-82.358335",28.0048878,-82.3583348,1,Hivelocity,TPA2 Tampa Data Center,"5908 Hampton Oaks Parkway suite d, Tampa, FL, USA"
46,"28.005553,-82.359702",28.005553,-82.359702,1,Verizon,Verizon Tampa,"5904 Hampton Oaks Pkwy a, Tampa, Florida 33610, USA"
47,"28.018489,-82.522982",28.0184889,-82.5229819,1,Lumen,Tampa 1 Data Center,"7909 Woodland Center Boulevard, Tampa, FL, USA"
48,"28.01986,-82.524756",28.01986,-82.5247563,1,Hivelocity,TPA1 Tampa Data Center,"8010 Woodland Center Boulevard suite 500, Tampa, FL, USA"
49,"28.023678,-81.729214",28.023678,-81.7292136,1,DSM,Winter Haven Data Center,"200 Avenue B Northwest, Winter Haven, FL, USA"
50,"28.029309,-82.045403",28.029309,-82.0454032,1,DSM,Lakeland Data Center,"6810 New Tampa Hwy, Lakeland, FL, USA"
51,"28.037213,-82.540004",28.0372131,-82.5400043,1,Flexential,Tampa - West Data Center,"9417 Corporate Lake Dr, Tampa, FL 33634, USA"
52,"28.073808,-82.368328",28.0738077,-82.3683277,2,Flexential | MOD Mission Critical,TAM1 - Flexential Tampa North Data Center PoP | Tampa - North Data Center,"8350 Park Edge Drive, Tampa, FL, USA | 8350 Parkedge Dr, Tampa, FL 33637, USA"
53,"28.079457,-81.97547",28.0794567,-81.9754699,1,Cologix,LAK1 Lakeland Data Center,"2850 Interstate Drive, Lakeland, FL, USA"
54,"28.42533,-81.121018",28.4253303,-81.1210185,1,Cogent Communications,Orlando Data Center,"17401 Wewahootee Rd, Orlando, Florida 32832, USA"
55,"28.427139,-81.419829",28.4271392,-81.4198287,1,Megaport,Datasite ORL1 Data Center,"9701 South John Young Parkway, Orlando, FL, USA"
56,"28.463879,-81.418025",28.4638793,-81.4180254,1,Lumen,Orlando 3 Data Center,"7003 Presidents Drive, Orlando, FL, USA"
57,"28.537874,-81.368728",28.5378743,-81.3687276,1,CenterServ,Orlando Data Center,"618 East South Street, Orlando, FL, USA"
58,"28.538383,-81.378927",28.5383832,-81.3789269,1,Skylink Data Centers,Orlando Location,"Orlando, FL, USA"
59,"28.614462,-81.38577",28.6144621,-81.3857702,1,HostDime,Orlando Data Center (Coming 2024),"980 Wymore Road, Eatonville, FL, USA"
60,"28.615912,-81.389344",28.6159118,-81.3893438,1,Lumen,Orlando 1 Data Center,"380 South Lake Destiny Drive, Orlando, FL, USA"
61,"28.617453,-81.393249",28.617453,-81.393249,1,HostDime,Orlando Data Center,"440 W Kennedy Blvd, Orlando, FL 32810, USA"
62,"28.618179,-81.393467",28.6181794,-81.393467,1,Atlantic.net,Orlando Data Center,"440 West Kennedy Boulevard, Orlando, FL, USA"
63,"28.702807,-100.504882",28.7028071,-100.5048819,1,MDC Data Centers,EGP1 Eagle Pass Data Center,"464 Bliss St, Eagle Pass, TX 78852, USA"
64,"29.292478,-98.388746",29.2924776,-98.3887455,1,Amazon AWS,12807 Donop Rd,"12807 Donop Rd, Elmendorf, Texas 78223, USA"
65,"29.301442,-98.391259",29.3014424,-98.3912591,1,Amazon AWS,ALE061,"Chive Dr, San Antonio, TX 78223, USA"
66,"29.414004,-98.802943",29.4140042,-98.8029432,1,Microsoft Azure,San Antonio - Texas,"15000 Lambda Dr, San Antonio, Texas 78245, USA"
67,"29.418988,-98.787619",29.4189881,-98.7876189,1,CyrusOne,SAT5 San Antonio Data Center,"14719 Omicron Drive, San Antonio, TX, USA"
68,"29.429369,-98.486791",29.429369,-98.486791,1,H5 Data Centers,San Antonio Data Center,"100 Taylor Street, San Antonio, TX, USA"
69,"29.447944,-98.652526",29.4479435,-98.6525258,1,QTS Data Centers,San Antonio Data Center,"8535 Potranco Rd, San Antonio, TX 78251, USA"
70,"29.450861,-98.638548",29.450861,-98.638548,1,Amazon AWS,7400 Potranco Rd,"7400 Potranco Rd, San Antonio, TX 78251, USA"
71,"29.466704,-98.688082",29.4667037,-98.6880817,1,CyrusOne,SAT1 San Antonio Data Center,"9999 Westover Hills Boulevard, San Antonio, TX, USA"
72,"29.470931,-98.672951",29.4709312,-98.6729514,1,CyrusOne,SAT2 San Antonio Data Center,"9554 Westover Hills Boulevard, San Antonio, TX, USA"
73,"29.475684,-98.681431",29.475684,-98.681431,1,Microsoft Azure,Wiseman Boulevard,"3545 Wiseman Blvd, San Antonio, Texas 78251, USA"
74,"29.475774,-98.390395",29.475774,-98.390395,1,Lumen,San Antonio 1 Data Center,"5130 Service Center Drive, San Antonio, TX, USA"
75,"29.479531,-98.692725",29.4795314,-98.6927246,1,Microsoft Azure,South Central US-Texas,"5150 Rogers Rd, San Antonio, TX, USA"
76,"29.480483,-98.696698",29.4804828,-98.6966982,1,Microsoft Azure,San Antonio (SN7) - Texas,"5200 Rogers Rd, San Antonio, Texas 78251, USA"
77,"29.713234,-95.551402",29.7132336,-95.5514019,1,CBRE,5959 Corporate Dr Data Center,"5959 Corporate Drive, Houston, TX, USA"
78,"29.728128,-95.445104",29.7281279,-95.4451041,1,DataBank,HOU5 -Houston Galleria Data Center,"4201 Southwest Freeway, Houston, TX 77027, USA"
79,"29.733157,-95.417028",29.7331567,-95.4170279,1,Verizon,Verizon Houston,"2401 Portsmouth St, Houston, Texas 77098, USA"
80,"29.735373,-95.644012",29.7353727,-95.6440115,1,Megaport,CyrusOne Lewisville Data Center,"2501 South State Highway 6, Houston, TX, USA"
81,"29.749333,-95.472307",29.7493334,-95.4723074,1,Switch Data Centers,Houston 1 Data Center,"5555 San Felipe Street, Houston, TX, USA"
82,"29.753374,-95.36574",29.7533742,-95.3657403,2,Megaport | Netrality Data Centers,1301 Fannin Houston Data Center | Netrality Houston Data Center,"1301 Fannin St, Houston, TX, USA | 1301 Fannin Street, Houston, TX, USA"
83,"29.759313,-95.366721",29.7593126,-95.3667206,1,Logix,Houston Data Center - 2.0,"811 Louisiana St, Houston, Texas, USA"
84,"29.762803,-95.369007",29.7628028,-95.3690073,1,IBM Cloud,"HOU04 Houston, TX","315 Capitol St, Houston, Texas 77002, USA"
85,"29.794643,-95.745202",29.7946426,-95.7452021,1,EdgeConnex,HOU01 Houston Data Center,"1510 Primewest Parkway, Katy, TX, USA"
86,"29.802215,-95.75399",29.802215,-95.7539902,1,Skybox Datacenters,Houston I Data Center,"22000 Franz Rd, Katy, TX 77449, USA"
87,"29.802215,-95.756349",29.8022153,-95.7563489,1,Element Critical,Houston One Data Center,"22000 Franz Road, Katy, TX, USA"
88,"29.84421,-95.555065",29.8442095,-95.5550647,1,DataBank,HOU1 - Westway Park I Data Center,"5150 Westway Park Blvd, Houston, TX 77041, USA"
89,"29.844237,-95.556642",29.8442374,-95.5566418,1,Megaport,CyrusOne Houston West 1/2/3 Data Center,"5150 Westway Park Blvd, Houston, TX, USA"
90,"29.844324,-95.556362",29.8443245,-95.556362,1,DataBank,HOU2 - Westway Park II Data Center,"5170 Westway Park Blvd, Houston, TX 77041, USA"
91,"29.874234,-95.545605",29.8742336,-95.5456051,1,Lumen,Houston 2 Data Center,"7060 Empire Central Drive, Houston, TX, USA"
92,"29.9358,-95.36435",29.9358001,-95.3643503,1,Equinix,HO1 Houston Data Center,"1515 Aldine Meadows Road, Houston, TX, USA"
93,"29.942317,-95.430156",29.9423169,-95.4301558,1,IBM Cloud,"HOU02 Houston, TX","855 Greens Parkway, Houston, Texas 77067, USA"
94,"29.942527,-95.426842",29.9425267,-95.4268418,1,IBM Cloud,"HOU00 Houston, TX","835 Greens Parkway suite 150, Houston, TX, USA"
95,"29.943102,-95.416377",29.9431018,-95.4163772,1,FIBERTOWN,Houston Data Center,"12031 North Freeway, Houston, TX, USA"
96,"29.943168,-95.416832",29.9431678,-95.4168322,1,Lumen,Houston 1 Data Center,"12001 North Freeway, Houston, TX, USA"
97,"29.943227,-95.397089",29.9432273,-95.3970886,1,IBM Cloud,"HOU01 Houston, TX","390 Benmar Drive, Houston, Texas 77060, USA"
98,"29.944086,-95.416408",29.9440865,-95.4164084,1,Cogent Communications,Houston 1 Data Center,"12061 North Fwy, Houston, TX, USA"
99,"29.945179,-95.424233",29.945179,-95.4242328,1,Data Foundry,Houston 2 Data Center,"660 Greens Parkway, Houston, TX 77067, USA"
100,"29.945246,-95.42423",29.9452456,-95.4242298,2,Enzu | Switch Data Centers,Houston 2 Data Center | IAH2 Houston Data Center,"660 Greens Parkway, Houston, TX, USA"
101,"29.948855,-90.076862",29.9488554,-90.076862,1,Lumen,New Orleans 1 Data Center,"639 Loyola Avenue, New Orleans, LA, USA"
102,"29.948969,-90.070096",29.9489688,-90.0700962,1,Cogent Communications,New Orleans Data Center,"650 Poydras Street, New Orleans, LA, USA"
103,"29.950768,-90.076757",29.9507683,-90.0767572,1,Lumen,New Orleans 2 Data Center,"1250 Poydras Street, New Orleans, LA, USA"
104,"29.951962,-90.070173",29.951962,-90.0701728,1,CenterServ,New Orleans Data Center,"201 St Charles Ave, New Orleans, LA, USA"
105,"29.952953,-90.073362",29.9529526,-90.073362,1,FOGO Solutions,"New Orleans, LA","935 Gravier Street 10th floor, New Orleans, LA 70112, USA"
106,"29.972295,-90.157845",29.9722954,-90.1578447,2,Lumen,Metairie 1 Data Center | New Orleans 3 Data Center,"3220 Lausat Street, Metairie, LA 70001, EE. UU. | 3220 Lausat Street, Metairie, LA, USA"
107,"30.03993,-95.546696",30.0399297,-95.5466964,1,TRG Datacenters,Houston Data Center,"2626 Spring Cypress Road, Houston, TX, USA"
108,"30.065987,-95.459024",30.0659871,-95.4590244,1,NETdepot,"NETdepot - Spring, TX","2626 Spring Cypress Road, Spring, TX 77388, USA"
109,"30.177801,-95.486494",30.1778013,-95.4864935,1,Stream Data Centers,Houston 1 - The Woodlands Data Center,"4001 Technology Forest Blvd, The Woodlands, TX, USA"
110,"30.196379,-97.712114",30.196379,-97.712114,1,Lumen,Austin 1 Data Center,"4207 Smith School Road, Austin, TX, USA"
111,"30.199616,-97.71408",30.1996161,-97.7140804,2,Data Foundry,Texas 1 Data Center | Texas 2 Data Center,"4100 Smith School Road, Austin, TX, USA"
112,"30.200169,-97.70627",30.200169,-97.70627,1,LightEdge,Austin II Data Center,"7000 Burleson Rd, Austin, TX 78744, USA"
113,"30.200765,-97.711045",30.2007648,-97.7110447,1,Switch Data Centers,Texas 1 Data Center,"4100 Smith School Rd, Austin, TX, USA"
114,"30.205925,-97.69791",30.2059251,-97.6979098,1,CyrusOne,AUS2 Austin Data Center,"7301 Metropolis Drive, Austin, TX, USA"
115,"30.207107,-97.700668",30.207107,-97.7006679,1,CyrusOne,AUS3 Austin Data Center,"7100 Metropolis Drive, Austin, TX, USA"
116,"30.209234,-97.697975",30.2092341,-97.6979752,1,Cogent Communications,Austin Data Center,"7301 Metro Center Dr, Austin, Texas 78744, USA"
117,"30.212073,-97.695942",30.212073,-97.6959423,1,MOD Mission Critical,AU2 - DRT Austin Data Center PoP,"7500 Metro Center Dr, Austin, TX 78744, USA"
118,"30.214291,-97.71268",30.2142909,-97.7126804,1,Lumen,Austin 3 Data Center,"2916 Montopolis Dr, Austin, TX, USA"
119,"30.215089,-97.695004",30.2150888,-97.695004,1,Switch Data Centers,Austin 1 Data Center,"7401 East Ben White Boulevard, Austin, TX, USA"
120,"30.215259,-97.695071",30.215259,-97.695071,1,Enzu,AUS2 Austin Data Center,"7401 E Ben White Blvd, Austin, TX, USA"
121,"30.216276,-97.692332",30.2162764,-97.6923322,1,Enzu,AUS1 Austin Data Center,"7620 Metro Center Dr, Austin, TX, USA"
122,"30.216445,-81.582092",30.2164451,-81.5820917,1,ScaleMatrix,Jacksonville Data Center US-South 02,"8324 Baymeadows Way, Jacksonville, FL, USA"
123,"30.24567,-81.581866",30.24567,-81.581866,1,Flexential,Jacksonville Data Center,"4905 Belfort Road suite 145, Jacksonville, FL 32256, USA"
124,"30.25429,-81.604126",30.2542899,-81.6041259,1,EdgeConnex,JAX01 Jacksonville Data Center,"6602 Executive Park Court North, Jacksonville, FL, USA"
125,"30.261016,-97.722136",30.2610165,-97.7221365,1,Logix,Austin Data Center,"1905 East 6th Street, Austin, TX, USA"
126,"30.261058,-97.723068",30.2610581,-97.7230677,1,Lumen,Austin 2 Data Center,"500 Chicon Street, Austin, TX, USA"
127,"30.272627,-81.62391",30.2726272,-81.6239096,1,Lumen,Jacksonville 1 Data Center,"4814 Philips Highway, Jacksonville, FL, USA"
128,"30.279032,-97.760282",30.2790322,-97.7602818,1,American Tower,Edge Data Center Austin,"1601 West 10th Street, Austin, TX, USA"
129,"30.287098,-89.737403",30.2870983,-89.7374027,1,EdgeConnex,SLI01 New Orleans Data Center,"2070 Gause Blvd E, Slidell, LA 70461, USA"
130,"30.328897,-81.665229",30.3288969,-81.6652288,1,Lumen,Jacksonville 2 Data Center,"608 West Adams Street, Jacksonville, FL, USA"
131,"30.328957,-81.651122",30.328957,-81.6511221,1,Windstream,"Jacksonville, FL Data Center","421 East Church Street, Jacksonville, FL 32202, USA"
132,"30.331375,-81.662322",30.3313752,-81.6623217,1,SBA Edge,Jacksonville Data Center,"421 West Church Street, Jacksonville, FL, USA"
133,"30.331438,-81.662921",30.3314378,-81.662921,1,SBA Edge,JaxNAP Data Center,"421 West Church Street, Church Street West, Jacksonville, Florida 32202, USA"
134,"30.331439,-81.662621",30.331439,-81.6626212,1,365 Data Centers,JCK1 Jacksonville Data Center,"421 Church Street West, Jacksonville, FL, USA"
135,"30.342673,-97.6964",30.3426733,-97.6964,1,Megaport,vXchange Austin Data Center,"8025 North Interstate 35 Frontage Road, Austin, TX, USA"
136,"30.342818,-97.696574",30.3428185,-97.6965744,1,Element Critical,Austin One Data Center,"8025 N Interstate Hwy 35, Austin, TX 78753, USA"
137,"30.357289,-91.117627",30.357289,-91.1176269,1,Lumen,Baton Rouge 2 Data Center,"9826 Burbank Dr, Baton Rouge, LA, USA"
138,"30.377702,-95.668803",30.3777017,-95.6688032,1,Data Journey,Houston Data Center,"552 Club Drive, Montgomery, TX, USA"
139,"30.385018,-97.709235",30.3850182,-97.7092354,1,Lumen,Austin Data Center,"1825 Kramer Lane, Austin, TX, USA"
140,"30.421063,-97.591622",30.4210626,-97.5916215,1,Thin-nology,3804 Helios Way Data Center,"3804 Helios Way, Pflugerville, TX, USA"
141,"30.42703,-97.743153",30.4270296,-97.7431528,1,Innova Solutions,Austin Data Center,"12357a Riata Trace Parkway building 5, Austin, TX, USA"
142,"30.436071,-97.766066",30.4360706,-97.7660663,1,DataBank,DataBank AUS1 Data Center,"7218 McNeil Drive, Austin, TX, USA"
143,"30.436695,-84.328156",30.436695,-84.3281559,1,Lumen,Tallahassee 1 Data Center,"619 Mabry Street, Tallahassee, FL, USA"
144,"30.438575,-89.03716",30.4385753,-89.0371596,1,C-Spire,Gulfport Data Center,"10394 Express Dr, Gulfport, MS 39503, USA"
145,"30.452142,-91.187628",30.4521418,-91.1876278,1,CenterServ,Baton Rouge Data Center,"Baton Rouge Tax Attorney IRS Tax Settlement, 301 N Main Street, Baton Rouge, LA 70825, USA"
146,"30.452255,-91.187882",30.4522552,-91.1878824,1,TRG Datacenters,Louisiana Data Center,"One American Place, Baton Rouge, LA, USA"
147,"30.452287,-91.115571",30.4522872,-91.1155706,1,DartPoints,Baton Rouge Data Center 2,"7139 Florida Blvd, Baton Rouge, LA 70806, USA"
148,"30.45352,-91.115624",30.4535196,-91.1156241,1,DartPoints,Baton Rouge Data Center 1,"7127 Florida Boulevard, Baton Rouge, LA, USA"
149,"30.471754,-84.353671",30.4717539,-84.3536709,1,EdgeConnex,TAL01 Tallahassee Data Center,"1531 Commonwealth Business Drive, Tallahassee, FL 32303, USA"
150,"30.481826,-97.624184",30.4818265,-97.6241836,1,Skybox Datacenters,Austin Data Center,"600 New Meister Ln, Pflugerville, Texas 78660, USA"
151,"30.67419,-96.373675",30.67419,-96.373675,1,FIBERTOWN,Bryan Data Center,"110 N Main St, Bryan, TX, USA"
152,"30.690786,-88.048379",30.6907857,-88.0483792,1,Lumen,Mobile 1 Data Center,"50 North Lawrence Street, Mobile, AL, USA"
153,"30.704818,-88.049011",30.7048185,-88.0490106,1,Lumen,Prichard AL Data Center,"208 Telegraph Rd, Mobile, AL, EE. UU."
154,"31.135256,-97.372864",31.1352564,-97.3728636,1,"Meta, Inc.",Temple Data Center,"Northwest H K Dodgen Loop & Industrial Blvd, Temple, TX 76502, USA"
155,"31.13601,-97.373701",31.13601,-97.373701,1,Meta,Temple,"Northwest H K Dodgen Loop & Industrial Blvd, Temple, TX 76502, USA"
156,"31.334826,-110.943748",31.3348265,-110.943748,1,MDC Data Centers,NOG1 Nogales Data Center,"81 North Sonoita Avenue, Nogales, AZ, USA"
157,"31.554993,-97.133469",31.5549926,-97.1334692,1,DataBank,ACT1 - Waco Data Center,"700 Austin Avenue, Waco, TX, USA"
158,"31.74999,-106.309913",31.7499904,-106.3099126,1,MDC Data Centers,ELP1 El Paso Data Center,"11455 Cedar Oak Dr, El Paso, TX 79936, USA"
159,"31.774045,-106.444142",31.7740452,-106.4441415,1,Cogent Communications,El Paso Data Center,"151 North Boone Street, El Paso, Texas 79905, USA"
160,"31.866808,-106.698172",31.8668076,-106.6981723,1,Lumen,Santa Teresa 1 Data Center,"175 Harrier Drive, Santa Teresa, NM, USA"
161,"31.991787,-106.355363",31.991787,-106.355363,1,Meta,El Paso,US-54 & Stan Roberts Sr Ave
162,"32.1723,-110.95415",32.1723004,-110.9541499,1,ark data centers,Tucson Data Center,"1215 East Pennsylvania Street, Tucson, AZ, USA"
163,"32.173626,-110.913245",32.1736264,-110.9132454,1,TECfusions,"Tucson, AZ Data Center","3701 East Columbia Street, Tucson, AZ, USA"
164,"32.224084,-110.968966",32.2240837,-110.9689655,1,Lumen,Tucson 1 Data Center,"135 North 6th Avenue, Tucson, AZ, USA"
165,"32.254762,-108.536602",32.2547621,-108.5366023,1,639 Solar,639 Cloud - DC1,"106 NM-113, Lordsburg, NM 88065, USA"
166,"32.270912,-86.328109",32.270912,-86.328109,1,Meta,Montgomery,"7MCC+9Q6 Montgomery, Alabama"
167,"32.432593,-81.760458",32.4325928,-81.7604578,1,EdgePresence,Statesboro Edge Data Center,"695 Brannen St, Statesboro, GA 30458, USA"
168,"32.442994,-97.048836",32.442994,-97.048836,1,Google,"Midlothian, TX Data Center","3800 Railport Pkwy, Midlothian, TX, USA"
169,"32.443397,-97.048939",32.443397,-97.048939,1,Google,Midlothian,"3800 Railport Pkwy, Midlothian, TX, USA"
170,"32.44346,-97.048918",32.44346,-97.048918,1,Google,Ellis County,"3800 Railport Pkwy, Midlothian, TX, USA"
171,"32.498253,-84.883576",32.4982532,-84.8835756,1,Overwatch,Resilience ATL,"8 Corporate Ridge Pkwy, Columbus, GA, USA"
172,"32.505496,-91.638198",32.505496,-91.638198,1,Meta,Richland Parish,"G947+GG, Holly Ridge, LA 71269"
173,"32.510911,-93.750076",32.510911,-93.7500758,1,DartPoints,Shreveport Data Center,"601 Milam St, Shreveport, LA 71101, USA"
174,"32.538198,-96.798205",32.538198,-96.798205,1,Google,Red Oak,"330 Austin Blvd, Red Oak, TX 75154"
175,"32.594192,-117.085384",32.5941922,-117.0853841,1,MDC Data Centers,SDG1 San Diego Data Center,"7014 Manya Circle, San Diego, CA, USA"
176,"32.600752,-85.507322",32.6007517,-85.5073218,1,AUBix,Auburn Data Center,"1571 W Samford Ave, Auburn, AL 36832, USA"
177,"32.634354,-117.078443",32.634354,-117.0784429,1,CenterServ,Chula Vista Data Center,"333 H Street, Chula Vista, CA, USA"
178,"32.70361,-103.137122",32.7036103,-103.137122,1,Windstream,"Hobbs, NM Data Center","320 North Shipp Street, Hobbs, NM 88240, USA"
179,"32.708698,-117.151477",32.7086979,-117.1514773,1,Cogent Communications,San Diego 3 Data Center,"1402 K St, San Diego, California 92101, USA"
180,"32.717577,-117.159688",32.7175774,-117.1596878,1,Cogent Communications,San Diego B Street Data center,"525 B Street, San Diego, CA, USA"
181,"32.77821,-96.798684",32.7782096,-96.798684,1,DataBank,DFW1 - Downtown Dallas Data Center,"400 South Akard Street, Dallas, TX, USA"
182,"32.783696,-96.794663",32.7836958,-96.7946626,1,Provision Data Services,2020 Live Oak St Data Center,"2020 Live Oak Street, Dallas, TX, USA"
183,"32.787233,-96.79416",32.7872334,-96.7941604,1,Digital Realty,Dallas DFW10 Data Center,"2323 Bryan Street, Dallas, TX, USA"
184,"32.800748,-96.819412",32.800748,-96.819412,2,Flexential | IBM Cloud,"DAL10 Dallas, TX | Dallas - Downtown Data Center","1950 North Stemmons Freeway suite 2033, Dallas, TX 75207, USA | 1950 North Stemmons Freeway, Dallas, TX, USA"
185,"32.801121,-96.820918",32.8011211,-96.8209179,1,FDCservers.net,DA11 Equinix,"1990 North Stemmons Freeway, Dallas, TX, USA"
186,"32.801346,-96.821074",32.8013465,-96.8210738,1,Equinix,DA11 Dallas IBX Data Center,"1990 North Stemmons Freeway, Dallas, TX 75207, U.S."
187,"32.807584,-96.86816",32.8075838,-96.8681597,1,Lumen,Dallas 1 Data Center,"3180 Irving Blvd, Dallas, TX, USA"
188,"32.808949,-117.135851",32.8089487,-117.1358506,1,Lumen,San Diego 1 Data Center,"8929 Aero Drive, San Diego, CA, USA"
189,"32.821596,-96.873457",32.8215958,-96.8734574,1,DataBank,DFW4 - Dallas Empire Central Data Center,"1100 Empire Central Place, Dallas, TX, USA"
190,"32.827796,-117.129779",32.827796,-117.129779,1,NFINIT,Lightwave Data Center,"9305 Lightwave Avenue, San Diego, CA, USA"
191,"32.832607,-97.040726",32.8326073,-97.0407255,1,Centersquare,DFW1 Fort Worth Data Center Campus,"14901 FAA Boulevard, Fort Worth, TX, USA"
192,"32.837903,-96.87841",32.8379029,-96.8784099,1,Prime Data Centers,Prime Dallas - 1515 Round Table,"1515 Round Table Drive, Dallas, TX, USA"
193,"32.837947,-96.878308",32.8379467,-96.8783082,1,Prime Data Centers,Prime Dallas - 1517 Round Table,"1517 Round Table Drive, Dallas, TX, USA"
194,"32.838205,-117.133185",32.8382046,-117.1331851,1,ScaleMatrix,San Diego Data Center US-West 01,"5775 Kearny Villa Road, San Diego, CA, USA"
195,"32.84049,-117.168374",32.84049,-117.168374,1,Megaport,EdgeConneX San Diego Data Center,"5761 Copley Drive, San Diego, CA, USA"
196,"32.841564,-117.169764",32.8415643,-117.1697638,1,EdgeConnex,SDG01 San Diego Data Center,"5761 Copley Drive suite 150b, San Diego, CA 92111, USA"
197,"32.880561,-117.209506",32.8805611,-117.2095058,1,Cogent Communications,San Diego Town Center Data Center,"9530 Towne Centre Drive, San Diego, CA, USA"
198,"32.896144,-96.898529",32.8961438,-96.8985286,3,Cologix | Equinix,DA1 Dallas Data Center | DA3 Dallas Data Center | DAL1 Dallas Data Center,"1950 North Stemmons Freeway, Dallas, TX, USA"
199,"32.89709,-96.982993",32.8970897,-96.9829933,1,QTS Data Centers,Irving - Dallas DC1 & DC2 Data Center,"6431 Longhorn Dr, Irving, TX, USA"
200,"32.897149,-117.20105",32.8971493,-117.2010501,2,LightEdge | NFINIT,San Diego Data Center | San Diego II Data Center,"9725 Scranton Rd, San Diego, CA, USA | 9725 Scranton Road, San Diego, CA, USA"
201,"32.911915,-96.870643",32.9119147,-96.8706428,1,Centersquare,Dallas (DA2-Webb Chapel) Data Center,"11830 Webb Chapel Rd, Dallas, TX, USA"
202,"32.921317,-96.776298",32.9213173,-96.776298,1,H5 Colo,H5 Colo Facility,"12712 Park Central Drive, Dallas, TX, USA"
203,"32.933937,-96.827992",32.933937,-96.8279924,1,IBM Cloud,"DAL05 Dallas, TX","4849 Alpha Road, Dallas, TX, USA"
204,"32.962632,-80.305741",32.962632,-80.305741,1,Google,Dorchester County,"1055 Research Center Dr, Ridgeville, SC 29472"
205,"32.964877,-80.101208",32.9648771,-80.1012081,1,DartPoints,North Charleston Data Center,"8480 Palmetto Commerce Pkwy, Ladson, SC 29456, USA"
206,"32.964882,-96.715713",32.9648824,-96.7157134,1,Rackspace,DFW3  Dallas Data Center,"1215 Integrity Drive, Richardson, TX, USA"
207,"32.96511,-96.711948",32.9651102,-96.7119475,1,Digital Realty,Dallas DFW18 Data Center,"1210 Integrity Drive, Richardson, TX, USA"
208,"32.966243,-96.715452",32.9662426,-96.7154517,1,Digital Realty,Dallas DFW16 Data Center,"1232 Alma Road, Richardson, TX, USA"
209,"32.966683,-96.711345",32.966683,-96.711345,1,DataBank,DFW2 - North Dallas Data Center,"904 Quality Way, Richardson, TX, USA"
210,"32.976135,-96.707427",32.9761355,-96.7074272,1,365 Data Centers,TX1 Richardson Data Center,"1001 East Campbell Road, Richardson, TX, USA"
211,"32.980107,-96.853694",32.9801074,-96.8536945,1,Digital Realty,Dallas DFW12 Data Center,"2440 Marsh Lane, Carrollton, TX, USA"
212,"32.982148,-96.657465",32.9821477,-96.6574648,1,NTT Global Data Centers,TX1 Dallas Data Center,"2008 Lookout Dr, Garland, TX 75044, USA"
213,"32.984776,-97.261972",32.9847763,-97.2619715,1,"Meta, Inc.",Fort Worth Data Center,"4500 Like Way, Fort Worth, Texas 76177, USA"
214,"32.985927,-85.055698",32.985927,-85.055698,1,Google,LaGrange,411 Pegasus Parkway 30240 LaGrange 
215,"32.987397,-97.254928",32.987397,-97.254928,1,Meta,Fort Worth,"Fort Worth, Texas 76177"
216,"32.988419,-117.07317",32.9884186,-117.0731695,1,Zayo,"San Diego, California","12270 World Trade Drive, San Diego, CA 92128, USA"
217,"32.988781,-117.073181",32.9887808,-117.073181,2,DataBank | MOD Mission Critical,SAN1 San Diego World Trade Data Center | SND1 - Databank San Diego Data Center PoP,"12270 World Trade Drive suite 100, San Diego, CA 92128, USA | 12270 World Trade Drive, San Diego, CA, USA"
218,"32.98893,-97.259041",32.9889302,-97.2590413,1,QTS Data Centers,Fort Worth - Dallas Data Center,"14100 Park Vista Boulevard, Fort Worth, TX, USA"
219,"32.991847,-96.930004",32.9918474,-96.9300035,1,CyrusOne,DFW1 Dallas Carrollton Data Center,"1649 West Frankford Road, Carrollton, TX, USA"
220,"32.992039,-99.582449",32.992039,-99.582449,1,Google,Haskell County,"10357 Loop Rd, Haskell, TX 79521"
221,"32.994828,-96.752518",32.9948279,-96.7525175,1,Flexential,Dallas - Richardson Data Center,"3010 Waterview Pkwy, Richardson, TX 75080, USA"
222,"33.007418,-96.666318",33.0074181,-96.6663178,1,Flexential,Dallas - Plano Data Center,"3500 East Plano Parkway, Plano, TX, USA"
223,"33.02151,-96.845322",33.0215099,-96.8453224,1,Digital Realty,Dallas DFW11 Data Center,"4025 Midway Road, Carrollton, TX, USA"
224,"33.063612,-80.043287",33.063612,-80.043287,1,Google,The Lowcountry,"1669 Garrott Ave, Moncks Corner, SC 29461"
225,"33.064936,-96.81065",33.0649358,-96.8106503,1,Stack Infrastructure,DFW01  Dallas Data Center,"6653 Pinecrest Drive, Plano, TX, USA"
226,"33.087141,-96.815596",33.0871412,-96.8155962,1,DataBank,DFW3 - Plano Data Center,"8375 Dominion Pkwy, Plano, TX, USA"
227,"33.094894,-96.68326",33.094894,-96.68326,1,Centersquare,Dallas (DA1-Allen) Data Center,"900 Guardians Way, Allen, TX, USA"
228,"33.105486,-80.088472",33.105486,-80.088472,1,Google,"Berkeley County, SC Data Center",200-220 State Road S-8-934
229,"33.137761,-96.660079",33.1377611,-96.6600792,1,TierPoint,Dallas - Allen Data Center,"840 Allen Commerce Parkway, Allen, TX, USA"
230,"33.13877,-96.662553",33.1387702,-96.6625533,1,CyrusOne,DFW3 Dallas Data Center,"2300 Chelsea Boulevard, Allen, TX, USA"
231,"33.267624,-111.882756",33.2676243,-111.8827558,1,Data Canopy,Phoenix (Chandler),"2605 South Ellis Street, Chandler, AZ, USA"
232,"33.270744,-111.882056",33.2707436,-111.8820562,1,CyrusOne,PHX1-PHX8 Phoenix Data Center,"2335 South Ellis Street, Chandler, AZ, USA"
233,"33.27485,-111.886948",33.2748503,-111.8869478,2,Digital Realty | INAP,Phoenix 1 Data Center | Phoenix PHX15 Data Center,"2121 South Price Road, Chandler, AZ, USA"
234,"33.27698,-111.885734",33.2769797,-111.8857335,1,H5 Data Centers,Phoenix Data Center,"2600 West Germann Road, Chandler, AZ, USA"
235,"33.300531,-111.886085",33.300531,-111.886085,1,INAP,Phoenix 3 Data Center,"2500 West Frye Road, Chandler, AZ, USA"
236,"33.320854,-111.89566",33.320854,-111.89566,1,CenterServ,Chandler Data Center,"3100 West Ray Road, Chandler, AZ, USA"
237,"33.332274,-111.957932",33.3322739,-111.9579315,1,ColoBarn,Arizona Data Center,"8905 South Beck Avenue, Tempe, AZ, USA"
238,"33.335567,-111.644872",33.3355672,-111.6448718,1,Edged,Edged Phoenix Data Center,"8811 East Warner Road, Mesa, AZ 85212, USA"
239,"33.341117,-111.631132",33.341117,-111.631132,1,Meta,Mesa,"89R9+CGX Mesa, Arizona"
240,"33.34125,-111.631173",33.34125,-111.6311729,1,"Meta, Inc.",Mesa Data Center,"3841 S Ellsworth Rd, Mesa, Arizona 85212, USA"
241,"33.345749,-111.604571",33.345749,-111.604571,1,Apple,Mesa,"3740 South Signal Butte Road, Mesa, AZ"
242,"33.346835,-111.604216",33.3468353,-111.6042155,1,Apple Inc.,Mesa Data Center,"3740 South Signal Butte Road, Mesa, AZ, USA"
243,"33.349707,-111.953922",33.3497065,-111.9539223,1,Innova Solutions,Tempe Data Center,"950 West Elliot Road suite 216, Tempe, AZ, USA"
244,"33.350424,-111.67142",33.350424,-111.67142,1,Google,Mesa,"982H+5C8 Morrison Ranch, Gilbert, AZ"
245,"33.350431,-111.67061",33.3504314,-111.6706104,1,Google,Mesa Campus,"East Elliot Road & S Sossaman Rd, Arizona 85212, USA"
246,"33.351066,-111.613257",33.3510657,-111.613257,1,NTT Global Data Centers,PH1 Phoenix Data Center,"10256 East Elliot Road, Mesa, AZ 85212, USA"
247,"33.355174,-111.826816",33.355174,-111.8268157,1,US Signal,1655 W Sunrise Blvd Data Center,"1655 West Sunrise Boulevard, Gilbert, AZ 85233, USA"
248,"33.356716,-111.635248",33.3567155,-111.6352485,2,Comarch ICT,Comarch Mesa | Phoenix Data Center,"3223 S Ellsworth Rd, Mesa, AZ 85212, USA | 3223 S Ellsworth Rd, Mesa, Arizona 85212, USA"
249,"33.380505,-111.809012",33.3805051,-111.809012,1,CenterServ,Mesa Data Center,"1910 South Stapley Drive, Mesa, AZ, USA"
250,"33.395342,-111.96997",33.3953415,-111.9699702,2,EdgeConnex | Megaport,EdgeConnX Phoenix Data Center | PHX01 Phoenix Data Center,"3011 S 52nd St ste 107, Tempe, AZ 85282, USA | 3011 South 52nd Street, Tempe, AZ, USA"
251,"33.406518,-112.375128",33.4065183,-112.3751279,1,Microsoft Azure,Goodyear - USA,"W Broadway Rd & S Bullard Ave, Goodyear, Arizona 85338, USA"
252,"33.411873,-112.444099",33.4118729,-112.4440989,1,Microsoft Azure,Goodyear - USA (PHX70),"3785 Citrus Rd, Goodyear, Arizona 85338, USA"
253,"33.41601,-112.009445",33.4160099,-112.009445,2,Liquid Web | PhoenixNAP,Phoenix Data Center,"3402 E University Dr, Phoenix, Arizona 85034, USA | 3402 East University Drive, Phoenix, AZ, USA"
254,"33.419655,-112.360011",33.419655,-112.360011,1,Stream Data Centers,Phoenix I-VI Goodyear Campus,"2950 South Litchfield Road, Goodyear, AZ, USA"
255,"33.420608,-112.31838",33.4206075,-112.3183798,1,Prime Data Centers,Prime Phoenix - Lower Buckeye #1,"11753 W Lower Buckeye Rd, Avondale, AZ, USA"
256,"33.421225,-111.858984",33.4212246,-111.8589842,2,AT&T | Centersquare,Phoenix ( PHX1 - Mesa) Data Center | Phoenix PHX1 Data Center,"1301 West University Drive, Mesa, AZ, USA"
257,"33.421307,-111.858977",33.4213069,-111.8589771,1,Centersquare,PHX3-A Mesa Data Center,"1301 West University Drive, Mesa, AZ 85201, USA"
258,"33.424717,-94.04396",33.4247167,-94.0439596,1,Windstream,"Texarkana, TX Data Center","507 Olive St, Texarkana, TX 75501, USA"
259,"33.439767,-112.046985",33.4397667,-112.046985,1,Lumen,Phoenix 1 Data Center,"811 South 16th Street, Phoenix, AZ, USA"
260,"33.446385,-112.374484",33.4463854,-112.374484,1,Vantage Data Centers,AZ1 Phoenix Data Center,"45 South Bullard Avenue, Goodyear, AZ, USA"
261,"33.448227,-112.077678",33.4482266,-112.0776781,1,5C Data Centers,PHX01,"Phoenix, AZ, USA"
262,"33.448377,-112.074037",33.4483771,-112.0740373,2,DSM | Oracle,Phoenix Data Center | US West us-phoenix-1,"Phoenix, AZ, USA | Phoenix, Arizona, USA"
263,"33.448788,-84.522289",33.4487885,-84.5222894,1,QTS Data Centers,Fayetteville Data Center,"1435 Hwy 54 W, Fayetteville, Georgia 30214, USA"
264,"33.451391,-112.07194",33.4513908,-112.0719403,1,Digital Realty,Phoenix PHX10 Data Center,"120 East Van Buren Street, Phoenix, AZ, USA"
265,"33.452439,-111.977552",33.4524392,-111.9775517,1,Iron Mountain Data Centers,AZP - 3 - Phoenix Data Center,"4802 East Van Buren Street, Phoenix, AZ, USA"
266,"33.454411,-111.976435",33.454411,-111.976435,1,Iron Mountain Data Centers,AZP - 1 - Phoenix Data Center,"615 North 48th Street, Phoenix, AZ, USA"
267,"33.462368,-111.995794",33.4623678,-111.9957938,1,QTS Data Centers,Phoenix Data Center,"1200 North 40th Street, Phoenix, Arizona 85008, USA"
268,"33.476357,-112.072927",33.4763571,-112.0729273,1,Lumen,Phoenix 2 Data Center,"17 East Virginia Avenue, Phoenix, AZ, USA"
269,"33.483801,-112.075101",33.4838014,-112.0751006,1,DataBank,PHX1 Downtown Phoenix Data Center,"3110 North Central Avenue suite d151, Phoenix, AZ 85012, USA"
270,"33.489785,-112.443995",33.489785,-112.443995,1,Microsoft,Goodyear,"3785 N Citrus Rd, 85395 Goodyear"
271,"33.5081,-86.826663",33.5080997,-86.8266631,1,Lumen,Birmingham 1 Data Center,"401 6th Street North, Birmingham, AL, USA"
272,"33.519194,-86.809716",33.5191944,-86.8097162,1,Lumen,Birmingham 2 Data Center,"2001 Park Place, Birmingham, AL, USA"
273,"33.520266,-84.62578",33.5202656,-84.6257797,1,Microsoft Azure,Palmetto Data Center,"8527 Williams Rd, Palmetto, Georgia 30268, USA"
274,"33.527143,-86.886707",33.5271433,-86.8867069,1,DC BLOX,Birmingham BHM1 Data Center,"433 6th Street, Birmingham, AL, USA"
275,"33.565295,-112.337784",33.5652953,-112.3377841,1,Microsoft Azure,West US 3-Arizona,"12901 West Olive Avenue, El Mirage, AZ 85335, USA"
276,"33.58011,-85.076611",33.5801103,-85.0766113,1,FOGO Solutions,"Carrollton, GA","Carrollton, GA, USA"
277,"33.601411,-83.703823",33.601411,-83.703823,1,Meta,Stanton Springs,"Newton County, Georgia"
278,"33.604013,-83.6989",33.6040134,-83.6988999,1,"Meta, Inc.",Stanton Springs Data Center,"Stanton Springs Data Center, Social Circle, GA, USA"
279,"33.605681,-83.702718",33.6056808,-83.7027177,1,"Meta, Inc.",Newton (Atlanta) Data Center,"240 Shire Parkway, Social Circle, GA, USA"
280,"33.637571,-84.458532",33.6375708,-84.458532,1,Lumen,College Park 1 Data Center,"4311 Best Rd, College Park, GA, USA"
281,"33.64248,-81.84317",33.64248,-81.84317,1,Meta,Aiken,"Giant Tire Pkwy, Trenton, SC 29847"
282,"33.644479,-111.895577",33.6444794,-111.8955766,1,Iron Mountain Data Centers,AZS - 1 - Scottsdale Data Center,"8521 East Princess Drive, Scottsdale, AZ, USA"
283,"33.658881,-112.110606",33.6588811,-112.1106061,1,Aligned Data Centers,"Phoenix, AZ Data Center","2500 West Union Hills Drive, Phoenix, AZ, USA"
284,"33.674793,-78.942594",33.6747929,-78.9425936,1,DC BLOX,Myrtle Beach Cable Landing Station,"1401 Howard Avenue, Myrtle Beach, SC, USA"
285,"33.684646,-112.098124",33.6846458,-112.0981242,1,Flexential,Phoenix - Deer Valley Data Center,"1850 W Deer Valley Rd, Phoenix, AZ 85027, USA"
286,"33.684675,-117.836821",33.6846747,-117.8368209,2,AT&T | Centersquare,Irvine LA2 Data Center | Los Angeles (LA2-Irvine) Data Center,"2681 Kelvin Ave, Irvine, California, USA | 2681 Kelvin Avenue, Irvine, CA, USA"
287,"33.684687,-117.836792",33.6846874,-117.8367921,1,Centersquare,LAX5-A Irvine Data Center,"2681 Kelvin Ave, Irvine, CA 92614, USA"
288,"33.687339,-117.848727",33.6873393,-117.8487271,4,"Cato Digital, Inc | Centersquare | Zenlayer",LAX3 (Los Angeles) Irvine Data Center Campus | LAX3-A Irvine Data Center | LAX8 Los Angeles Data Center | us-west-2,"17836 Gillette Ave, Irvine, CA 92614, USA | 17836 Gillette Avenue, Irvine, CA 92614, USA | 17836 Gillette Avenue, Irvine, CA, USA"
289,"33.687905,-117.842407",33.6879046,-117.8424072,1,DataBank,SNA2 Irvine Data Center,"17400 Von Karman Avenue, Irvine, CA, USA"
290,"33.690524,-117.840715",33.690524,-117.840715,1,DataBank,SNA1 Irvine Data Center,"17222 Von Karman Avenue, Irvine, CA, USA"
291,"33.716748,-117.805681",33.7167477,-117.8056808,1,Lumen,Tustin 1 Data Center,"14452 Franklin Avenue, Tustin, CA, USA"
292,"33.721528,-84.611505",33.7215282,-84.611505,1,Flexential,Atlanta - Douglasville 1 Data Center,"1700 N River Rd, Douglasville, GA, USA"
293,"33.722413,-84.412569",33.722413,-84.412569,1,Cogent Communications,Atlanta 2 Data Center,"1190 Allene Ave SW, Atlanta, Georgia 30310, USA"
294,"33.728498,-84.418774",33.7284975,-84.4187741,1,Lumen,Atlanta 5 Data Center,"953 Donnelly Avenue Southwest, Atlanta, GA, USA"
295,"33.729384,-84.420146",33.7293841,-84.4201461,1,EdgeConnex,ATL01 Atlanta Data Center,"1003 Donnelly Avenue Southwest, Atlanta, GA 30310, USA"
296,"33.729914,-117.851962",33.7299136,-117.8519621,1,Krypt,"Data Center Santa Ana, CA (SNA1)","1400 South Grand Avenue, Santa Ana, CA 92705, USA"
297,"33.733898,-84.425637",33.7338976,-84.4256369,2,DataBank | NETdepot,"DataBank ATL2 Data Center | NETdepot - Atlanta, GA","1100 White Street Southwest, Atlanta, GA 30310, USA | 1100 White Street Southwest, Atlanta, GA, USA"
298,"33.73446,-84.425274",33.7344605,-84.4252735,1,DataBank,DataBank ATL3 Data Center,"1150 White Street Southwest, Atlanta, GA, USA"
299,"33.74219,-84.596384",33.7421904,-84.5963842,1,Data Canopy,Atlanta 1,"2480 Rock House Road, Lithia Springs, GA, USA"
300,"33.744177,-84.58119",33.744177,-84.5811904,3,Centersquare,ATL1 Atlanta Data Center Campus | ATL1-A Lithia Springs Data Center | ATL1-D Lithia Springs Data Center,"375 Riverside Parkway, Lithia Springs, GA, USA | 375 Riverside Pkwy ste 150, Lithia Springs, GA 30122, USA | 375 Riverside Pkwy suite 100, Lithia Springs, GA 30122, USA"
301,"33.746466,-84.579685",33.7464664,-84.5796853,1,Digital Realty,Atlanta ATL11 Data Center,"101 Aquila Way, Austell, GA 30168, USA"
302,"33.747371,-84.540292",33.7473711,-84.5402917,2,DataBank,DataBank ATL5 Data Center | DataBank ATL6 Data Center,"4764 Bakers Ferry Rd SW, Atlanta, Georgia 30336, USA | 4764 Bakers Ferry Road Southwest, Atlanta, GA 30336, EE. UU."
303,"33.748752,-84.387684",33.748752,-84.3876845,1,Vultr,Atlanta,"Atlanta, GA, USA"
304,"33.749793,-84.584768",33.749793,-84.584768,1,Google,Douglas County,"300 Riverside Parkway, Lithia Springs, GA, USA"
305,"33.750519,-84.548256",33.7505191,-84.5482563,1,DataBank,DataBank ATL4 Data Center,"200 Selig Dr SW, Atlanta, GA 30336, USA"
306,"33.753557,-84.587645",33.7535566,-84.5876453,1,Switch Data Centers,Switch Data Centers: Keep Data Center,"1 Switch Way, Lithia Springs, GA, USA"
307,"33.755459,-84.391451",33.7554591,-84.3914507,1,Digital Realty,Atlanta ATL13 Data Center,"56 Marietta Street NorthWest, Atlanta, GA, USA"
308,"33.755851,-84.391243",33.755851,-84.3912428,2,Cogent Communications | CoreSite,AT1 Atlanta Data Center | Atlanta 1 Data Center,"55 Marietta St NW, Atlanta, GA, USA | 55 Marietta Street NorthWest, Atlanta, GA, USA"
309,"33.758563,-84.387775",33.7585633,-84.3877746,1,Equinix,AT1 Atlanta IBX Data Center,"180 Peachtree Street Northwest, Atlanta, GA, USA"
310,"33.760029,-84.601597",33.7600293,-84.6015973,1,Stack Infrastructure,ATL02 Atlanta Data Center,"808 Factory Shoals Rd, Lithia Springs, Georgia 30122, USA"
311,"33.761505,-84.39141",33.7615051,-84.3914096,1,INAP,Atlanta 1 Data Center,"250 Williams Street Northwest, Atlanta, GA, USA"
312,"33.765201,-84.383726",33.7652009,-84.3837255,1,H5 Data Centers,Atlanta Data Center,"345 Courtland Street Northeast, Atlanta, GA, USA"
313,"33.765524,-84.606395",33.7655245,-84.6063953,1,T5 Data Centers,@Atlanta III Data Center,"1546 Trae Lane, Lithia Springs, GA, USA"
314,"33.767515,-118.193117",33.7675152,-118.1931166,1,CenterServ,Long Beach Data Center,"111 W Ocean Blvd, Long Beach, CA, USA"
315,"33.775499,-84.387735",33.7754992,-84.3877354,1,DataBank,DataBank ATL1 Data Center,"760 W Peachtree St NW, Atlanta, GA, USA"
316,"33.775935,-84.419531",33.775935,-84.419531,1,QTS Data Centers,Atlanta 2 DC1 Data Center,"1025 Jefferson Street Northwest, Atlanta, GA, USA"
317,"33.776116,-84.562901",33.7761155,-84.5629011,1,Google,"Douglas County, GA Data Center","300 Riverside Parkway, Lithia Springs, GA, USA"
318,"33.777718,-84.420877",33.7777175,-84.4208774,1,QTS Data Centers,Atlanta 1 DC1 Data Center,"1033 Jefferson Street Northwest, Atlanta, GA, USA"
319,"33.780935,-84.38711",33.780935,-84.3871098,1,FDCservers.net,AT1 Equinix,"10 Peachtree Place Northwest, Atlanta, GA, USA"
320,"33.784381,-84.422488",33.7843813,-84.4224879,1,QTS Data Centers,Atlanta 4 DC1 Data Center,"1103 Herndon Street Northwest, Atlanta, GA, USA"
321,"33.800344,-84.436785",33.8003438,-84.4367848,1,Edged,Edged Atlanta Data Center,"1800 Thomas Street Northwest, Atlanta, GA 30318, USA"
322,"33.83161,-117.918218",33.8316095,-117.9182179,1,Cogent Communications,Anaheim 1 Data Center,"300 S Harbor Blvd, Anaheim, CA, USA"
323,"33.834766,-117.945106",33.8347665,-117.945106,1,Cogent Communications,Anaheim 2 Data Center,"1750 West Penhall Way, Anaheim, California 92801, USA"
324,"33.848538,-117.970965",33.848538,-117.9709649,1,Lumen,Anaheim 1 Data Center,"2461 West La Palma Avenue, Anaheim, CA, USA"
325,"33.848958,-117.971033",33.8489582,-117.9710331,1,Lumen,Anaheim 2 Data Center,"2463 West La Palma Avenue, Anaheim, CA, USA"
326,"33.849506,-118.304835",33.8495055,-118.3048346,1,Equinix,LA7 Torrance Data Center,"1501 Francisco Street, Torrance, CA, USA"
327,"33.86261,-116.545928",33.8626098,-116.545928,1,Cogent Communications,Palm Springs Data Center,"3601 N Indian Canyon Dr, Palm Springs, California 92262, USA"
328,"33.879781,-118.026736",33.8797809,-118.0267361,1,Cogent Communications,La Mirada Data Center,"16680 Valley View Avenue, La Mirada, California 90638, USA"
329,"33.879828,-118.026751",33.8798278,-118.026751,1,CBRE,16680 Valley View Ave Data Center,"16680 Valley View Avenue, Mirada, L A, CA, USA"
330,"33.889248,-118.368733",33.8892478,-118.3687331,1,Evocative,Redondo Beach Data Center (LAX14),"3690 Redondo Beach Avenue, Redondo Beach, CA 90278, USA"
331,"33.895445,-84.453611",33.8954451,-84.4536112,1,Equinix,AT4 Atlanta Data Center,"450 Interstate North Parkway, Atlanta, GA, USA"
332,"33.901574,-117.493598",33.9015744,-117.4935984,1,CenterServ,Riverside Data Center,"11801 Pierce Street, Riverside, CA, USA"
333,"33.915663,-118.384725",33.9156629,-118.3847254,2,Digital Realty | Evocative,El Segundo Data Center (LAX10) | Los Angeles LAX12 Data Center,"2260 E El Segundo Blvd, El Segundo, CA, USA | 2260 East El Segundo Boulevard, El Segundo, CA, USA"
334,"33.92124,-118.383778",33.9212395,-118.3837782,1,Equinix,LA4 El Segundo Data Center,"445 North Douglas Street, El Segundo, CA, USA"
335,"33.921463,-84.328402",33.9214626,-84.3284025,1,Innova Solutions,Atlanta Data Center,"HireGenics Inc., 1455 Lincoln Parkway East, Atlanta, GA, USA"
336,"33.921637,-118.386571",33.9216368,-118.3865711,1,Serverfarm,LAX1 Los Angeles Data Center,"444 North Nash Street, El Segundo, CA, USA"
337,"33.925454,-84.481581",33.9254542,-84.4815813,1,Performive,ATL05 Data Center,"1130 Powers Ferry Place, Marietta, GA, USA"
338,"33.925558,-84.481656",33.9255576,-84.4816563,1,ColoCrossing,GA1 - Atlanta Data Center,"1130 Powers Ferry Place, Marietta, GA, USA"
339,"33.926068,-84.326791",33.926068,-84.326791,1,INAP,Atlanta 2 Data Center,"40 Perimeter Center East, Atlanta, GA, USA"
340,"33.926304,-118.394067",33.9263042,-118.3940673,1,Equinix,LA3 El Segundo Data Center,"1920 East Maple Avenue, El Segundo, CA, USA"
341,"33.938636,-84.226638",33.938636,-84.2266381,1,Equinix,AT5 Norcross Data Center,"2836 Peterson Place Northwest, Norcross, GA, USA"
342,"33.945894,-118.393553",33.945894,-118.393553,1,24Shells Inc,LAX Data Center,"6171 West Century Boulevard, Los Angeles, CA, USA"
343,"33.945932,-118.393535",33.9459317,-118.3935351,1,QuadraNet,Los Angeles - Century Data Center,"6171 West Century Boulevard, Los Angeles, CA, USA"
344,"33.954762,-84.198645",33.9547625,-84.1986451,1,Flexential,Atlanta - Norcross Data Center,"2775 Northwoods Pkwy, Norcross, GA 30071, USA"
345,"33.983975,-81.037623",33.9839752,-81.0376227,1,Lumen,Columbia 4 Data Center,"520 Whaley St, Columbia, SC 29201, EE. UU."
346,"33.984476,-81.037756",33.9844764,-81.0377556,1,Lumen,Columbia 2 Data Center,"518 Whaley Street, Columbia, SC, USA"
347,"33.987664,-81.030732",33.9876644,-81.0307317,1,DartPoints,Columbia Data Center,"1000 Catawba Street ste 180, Columbia, SC 29201, USA"
348,"33.997036,-117.34568",33.9970355,-117.3456799,1,Lumen,Riverside 1 Data Center,"1550 Marlborough Avenue, Riverside, CA, USA"
349,"34.001146,-118.230915",34.0011462,-118.2309148,1,Prime Data Centers,Prime Los Angeles - 4701 S. Santa Fe,"4701 South Santa Fe Avenue, Vernon, CA, USA"
350,"34.035259,-84.061197",34.0352587,-84.0611966,1,QTS Data Centers,Suwanee Data Center 1,"300 Satellite Boulevard, Suwanee, Georgia 30024, USA"
351,"34.03607,-84.063838",34.0360702,-84.0638379,1,Serverfarm,ATL1 Atlanta Data Center,"305 Satellite Boulevard, Suwanee, GA, USA"
352,"34.03617,-84.063807",34.0361703,-84.0638073,1,Serverfarm,ATL2 Atlanta Data Center,"305 Satellite Boulevard, Suwanee, GA, USA"
353,"34.04735,-118.257596",34.0473496,-118.257596,1,Zenlayer,LAX5 Los Angeles Data Center,"600 W 7th St, Los Angeles, CA, USA"
354,"34.047414,-118.25738",34.0474144,-118.2573801,1,Digital Realty,Los Angeles LAX10 Data Center,"600 West 7th Street, Los Angeles, CA, USA"
355,"34.047414,-118.257382",34.0474145,-118.2573822,2,Equinix | HostDime,LA1 Los Angeles Data Center | Los Angeles Data Center,"600 W 7th St, Los Angeles, CA 90017, USA | 600 West 7th Street, Los Angeles, CA, USA"
356,"34.047863,-118.258376",34.0478628,-118.2583756,1,Edge Centres,EC101 Los Angeles Data Center,"Sheraton Grand Los Angeles, S Hope St, Central LA, Los Angeles, California 90017, USA"
357,"34.047891,-118.240142",34.0478914,-118.2401423,1,Aptum Technologies,LAX-600W7 Data Center,"360 East 2nd Street, Los Angeles, CA, USA"
358,"34.047915,-118.255706",34.0479152,-118.2557059,1,DataBank,LAX1 Los Angeles One Wilshire Data Center,"624 South Grand Avenue, Los Angeles, CA, USA"
359,"34.047989,-118.255568",34.0479889,-118.2555679,1,24Shells Inc,LAX1 Data Center,"One Wilshire Building, South Grand Avenue, Los Angeles, CA, USA"
360,"34.048258,-118.257002",34.0482582,-118.2570021,1,Telehouse,Los Angeles Data Center,"626 Wilshire Boulevard, Los Angeles, CA, USA"
361,"34.048384,-118.256302",34.0483839,-118.2563018,1,Xyvest,611 Wilshire Blvd Data Center,"611 Wilshire Boulevard, Los Angeles, CA, USA"
362,"34.048386,-118.254976",34.0483858,-118.2549758,1,QuadraNet,Los Angeles - Downtown HQ Data Center,"530 W 6th St, Los Angeles, CA, USA"
363,"34.048741,-118.25956",34.048741,-118.2595603,1,Equinix,LA2 Los Angeles Data Center,"818 West 7th Street, Los Angeles, CA, USA"
364,"34.048951,-118.259581",34.0489508,-118.2595813,1,Lumen,Los Angeles Data Center,"818 W 7th St, Los Angeles, CA, USA"
365,"34.05112,-118.26591",34.0511196,-118.2659098,1,Dynascale,West7Center Data Center,"1200 West 7th Street, Los Angeles, CA, USA"
366,"34.051128,-118.265922",34.0511276,-118.2659225,1,LeaseWeb,Los Angeles LAX-12 Data Center,"1200 W 7th St, Los Angeles, CA 90017, USA"
367,"34.052572,-81.021334",34.0525717,-81.021334,1,Lumen,Columbia 3 Data Center,"1401 North Main Street, Columbia, SC 29203, EE. UU."
368,"34.054908,-118.242643",34.0549076,-118.242643,1,Vultr,Los Angeles,"Los Angeles, CA, USA"
369,"34.057048,-84.272865",34.0570483,-84.2728648,1,Lincoln Rackhouse,ATL2 Data Center,"4905 North Point Parkway, Alpharetta, GA, USA"
370,"34.057949,-118.234662",34.0579488,-118.2346624,1,CoreSite,LA2 Los Angeles Data Center,"900 Alameda Street, Los Angeles, CA, USA"
371,"34.058103,-118.235374",34.0581033,-118.2353742,1,China Telecom,Coresite LA2 Data Center,"900 N Alameda St, Los Angeles, CA 90012, USA"
372,"34.05811,-118.235398",34.0581105,-118.2353984,1,Latitude.sh,Los Angeles,"900 N Alameda St ste 200, Los Angeles, CA, USA"
373,"34.058703,-118.235929",34.0587032,-118.2359288,1,CoreSite,LA3 Los Angeles Data Center,"200 Bauchet Street, Los Angeles, CA, USA"
374,"34.063438,-84.272706",34.0634375,-84.2727065,1,365 Data Centers,GA1 Alpharetta Data Center,"11650 Great Oaks Way, Alpharetta, GA, USA"
375,"34.075741,-84.26427",34.0757412,-84.2642699,1,Stack Infrastructure,ATL01 Atlanta Data Center,"3200 Webb Bridge Road, Alpharetta, GA, USA"
376,"34.075777,-84.264162",34.0757766,-84.2641617,1,T5 Data Centers,@Atlanta 3200 Webb Bridge Rd Data Center,"3200 Webb Bridge Rd, Alpharetta, GA, USA"
377,"34.08716,-84.252346",34.0871601,-84.2523456,1,Flexential,Atlanta - Alpharetta Data Center,"12655 Edison Drive, Alpharetta, GA, USA"
378,"34.152619,-118.254494",34.152619,-118.2544943,1,CenterServ,Glendale Data Center,"450 North Brand Boulevard, Glendale, CA, USA"
379,"34.1548,-99.2915",34.1548,-99.2915,1,Google,Wilbarger County,Wilbarger County
380,"34.168665,-118.089041",34.1686654,-118.0890407,1,BreezeHost.io,Los Angeles,"2947 Bradley Street, Pasadena, CA, USA"
381,"34.177403,-118.311423",34.1774033,-118.3114228,1,Cogent Communications,Burbank Data Center,"100 S Flower St, Burbank, California 91502, USA"
382,"34.184589,-117.354241",34.1845891,-117.3542412,1,Lumen,San Bernardino 1 Data Center,"5705 Industrial Parkway, San Bernardino, CA, USA"
383,"34.217222,-119.145406",34.217222,-119.1454062,1,Innova Solutions,Oxnard Data Center,"1701 Solar Dr suite 145, Oxnard, California, USA"
384,"34.22557,-118.501884",34.2255696,-118.5018842,1,Innova Solutions,Northridge Data Center,"8550 Balboa Blvd suite 275, Northridge, California, USA"
385,"34.414472,-119.690158",34.4144716,-119.6901578,1,Lumen,Santa Barbara 1 Data Center,"122 Helena Ave, Santa Barbara, CA, USA"
386,"34.642865,-97.169107",34.642865,-97.1691069,1,Lumen,Oklahoma City 1 Data Center,"201 East Robert S Kerr Boulevard, Wynnewood, OK, USA"
387,"34.673105,-86.66996",34.6731049,-86.6699602,1,COPT Defense Properties,"Rideout Rd, Huntsville","Rideout Rd, Huntsville, AL 35808, USA"
388,"34.697877,-82.943112",34.697877,-82.943112,1,Technology Solutions of SC Inc,Headquarters,"Technology Solutions of SC Inc, U.S. 123, Seneca, SC, USA"
389,"34.698876,-86.679016",34.6988755,-86.6790165,1,COPT Defense Properties,"7000 Redstone Gateway, Huntsville","7000 Redstone Gateway Southwest, Huntsville, AL, USA"
390,"34.700845,-86.67355",34.700845,-86.6735504,1,COPT Defense Properties,"1000 Redstone Gateway SW, Huntsville","1000 Redstone Gateway Southwest, Huntsville, AL 35808, USA"
391,"34.70993,-86.692894",34.7099305,-86.6928945,1,DC BLOX,Huntsville HSV1 Data Center,"333 Diamond Drive Northwest, Huntsville, AL, USA"
392,"34.716181,-86.671896",34.716181,-86.6718959,1,COPT Defense Properties,"310 The Bridge Street, Huntsville","310 The Bridge Street, Huntsville, AL, USA"
393,"34.745454,-86.691888",34.745454,-86.6918877,1,Simple Helix,Huntsville Data Center,"165 West Park Loop Northwest, Huntsville, AL, USA"
394,"34.752194,-86.669807",34.7521935,-86.6698068,1,COPT Defense Properties,"8100 Rideout Road, Huntsville","8100 Rideout Drive Northwest, Huntsville, Alabama 35806, USA"
395,"34.756041,-92.444207",34.7560412,-92.4442068,1,TierPoint,Little Rock Data Center,"15707 Chenal Parkway, Little Rock, AR, USA"
396,"34.786739,-92.398836",34.7867392,-92.3988361,1,Windstream,"Little Rock, AR Data Center","4001 N Rodney Parham Rd, Little Rock, AR 72212, USA"
397,"34.806553,-82.345891",34.806553,-82.345891,1,DC BLOX,Greenville GSP1 Data Center,"33 Global Drive, Greenville, SC, USA"
398,"34.807595,-82.343523",34.8075949,-82.3435234,1,DartPoints,Greenville Data Center,"78 Global Dr ste 100, Greenville, SC 29607, USA"
399,"34.826133,-106.775231",34.8261326,-106.7752309,1,"Meta, Inc.",Los Lunas Data Center,"4250 Messenger Loop, Los Lunas, NM, USA"
400,"34.828756,-106.781234",34.828756,-106.781234,1,Meta,Los Lunas,"4250 Messenger Loop, Los Lunas, NM, USA"
401,"34.840806,-86.631882",34.840806,-86.631882,1,Meta,Huntsville,"5400 Prosperity Dr NW, Toney, AL 35773"
402,"34.842635,-86.632436",34.8426349,-86.6324363,1,"Meta, Inc.",Huntsville Data Center,"5400 Prosperity Dr NW, Toney, AL, USA"
403,"34.920376,-85.74458",34.920376,-85.74458,1,Google,Jackson County,"48809 Alabama 277, Bridgeport, AL, USA"
404,"34.920403,-85.744926",34.9204032,-85.7449262,1,Google,"Jackson County, AL Data Center","48809 Alabama 277, Bridgeport, AL, USA"
405,"34.93329,-120.434458",34.9332895,-120.4344578,1,Innova Solutions,Santa Maria Data Center,"210 East Enos Drive suite c, Santa Maria, California, USA"
406,"34.951013,-81.932058",34.9510129,-81.932058,1,Lumen,Spartanburg Data Center,"145 North Church Street, Spartanburg, SC 29306, EE. UU."
407,"34.996595,-82.034693",34.996595,-82.0346933,1,DartPoints,Spartanburg Data Center,"5700 N Blackstock Rd, Spartanburg, SC 29303, USA"
408,"35.018453,-101.308942",35.018453,-101.308942,1,Google,Armstrong County,"10001 Lima Rd, Claude, TX 79019."
409,"35.028988,-89.931017",35.0289875,-89.9310167,1,Lumen,Memphis 1 Data Center,"3993 Crowfarn Drive, Memphis, TN, USA"
410,"35.031552,-85.297253",35.0315515,-85.2972528,1,DC BLOX,Chattanooga CHA1 Data Center,"807 East 16th Street, Chattanooga, TN, USA"
411,"35.034455,-89.882939",35.0344547,-89.8829387,1,Lumen,Memphis 2 Data Center,"5425 E Raines Rd, Memphis, TN, USA"
412,"35.062965,-89.786143",35.0629647,-89.786143,1,Expedient,Memphis Data Center,"3180 Players Ln, Memphis, TN, USA"
413,"35.086545,-106.65174",35.0865452,-106.6517403,2,Centersquare,ABQ1 Albuquerque Data Center Campus | ABQ1-A Albuquerque Data Center,"400 Tijeras Ave NW, Albuquerque, NM 87102, USA | 400 Tijeras Avenue Northwest, Albuquerque, NM, USA"
414,"35.088555,-106.652284",35.0885549,-106.6522841,1,H5 Data Centers,Albuquerque Data Center,"505 Marquette Avenue Northwest, Albuquerque, NM, USA"
415,"35.100536,-106.571048",35.1005361,-106.5710479,1,CenterServ,Albuquerque Data Center,"6565 Americas Parkway, Albuquerque, NM, USA"
416,"35.108624,-89.890966",35.1086238,-89.8909659,1,Verizon,Verizon Memphis,"5127 Truse Rd, Memphis, Tennessee 38117, USA"
417,"35.114738,-90.212532",35.114738,-90.212532,1,Google,West Memphis,Bollinger Rd 72376 West Memphis
418,"35.135375,-80.936954",35.1353747,-80.9369545,1,Flexential,Charlotte - South Data Center,"8910 Lenox Pointe Drive, Charlotte, NC, USA"
419,"35.14405,-106.601392",35.1440498,-106.6013924,1,Lumen,Albuquerque Data Center,"3830 Singer Blvd NE, Albuquerque, NM 87109, EE. UU."
420,"35.152324,-80.841541",35.1523245,-80.8415414,1,Charlotte Colocation Center,Charlotte Data Center,"5821 Fairview Rd, Charlotte, NC, USA"
421,"35.173088,-80.927807",35.173088,-80.927807,1,TierPoint,Charlotte - Center Park Data Center,"1805 Center Park Drive, Charlotte, NC, USA"
422,"35.178673,-80.928118",35.1786726,-80.9281181,1,Lumen,Charlotte 1 Data Center,"4021 Rose Lake Drive, Charlotte, NC, USA"
423,"35.193713,-80.937823",35.1937132,-80.9378231,1,Segra,Charlotte One Data Center,"3100 International Airport Drive, Charlotte, NC, USA"
424,"35.193762,-80.938485",35.1937622,-80.9384854,1,Segra,Charlotte Two Data Center,"3101 International Airport Drive, Charlotte, NC, USA"
425,"35.204647,-101.831604",35.2046469,-101.831604,1,Lumen,Amarillo 1 Data Center,"512 SE 8th Ave, Amarillo, TX, USA"
426,"35.218028,-80.837563",35.2180275,-80.8375626,1,Windstream,"Charlotte, NC Data Center","301 S McDowell St, Charlotte, North Carolina 28204, USA"
427,"35.221028,-80.858282",35.2210279,-80.858282,1,Cogent Communications,Charlotte 2,"1310 S Mint St, Charlotte, North Carolina 28203, USA"
428,"35.22146,-80.835388",35.22146,-80.835388,1,Lumen,Charlotte 2 Data Center,"112 North Myers Street, Charlotte, NC, USA"
429,"35.221555,-80.840116",35.2215548,-80.840116,1,5C Data Centers,CLT01,"Charlotte, NC, USA"
430,"35.221849,-80.921269",35.2218489,-80.9212691,1,Lumen,Charlotte 4 Data Center,"5001 Airport Center Pkwy, Charlotte, NC, USA"
431,"35.221878,-80.835573",35.2218775,-80.8355731,1,Digital Realty,Charlotte CLT10 Data Center,"113 North Myers Street, Charlotte, NC, USA"
432,"35.222097,-80.836767",35.2220969,-80.8367668,1,Cogent Communications,Charlotte Data Center,"701 East Trade Street, Charlotte, North Carolina 28202, USA"
433,"35.222114,-80.835313",35.2221137,-80.8353129,1,TierPoint,Charlotte - North Myers Data Center,"125 North Myers Street, Charlotte, NC, USA"
434,"35.227724,-80.844162",35.2277237,-80.8441618,1,Innova Solutions,North Carolina Data Center,"129 W Trade St suite 1225, Charlotte, NC 28202, USA"
435,"35.2499,-81.394664",35.2499003,-81.3946643,1,T5 Data Centers,@Charlotte Data Center Campus,"131 Riverside Ct, Kings Mountain, NC, USA"
436,"35.25656,-120.64502",35.2565599,-120.6450195,1,Lumen,San Luis Obispo 1 Data Center,"775 Capitolio Way, San Luis Obispo, CA, USA"
437,"35.316574,-81.828809",35.3165738,-81.828809,1,"Meta, Inc.",Forest City Data Center,"480 Social Circle, Forest City, NC, USA"
438,"35.316975,-81.825691",35.316975,-81.825691,1,Meta,Forest City,"Forest City, North Carolina 28043"
439,"35.329674,-80.766017",35.3296739,-80.7660173,1,Flexential,Charlotte - North Data Center,"10105 David Taylor Drive, Charlotte, NC, USA"
440,"35.365115,-119.056663",35.3651148,-119.0566627,1,CenterServ,Bakersfield Data Center,"Regus - California, Bakersfield - 4900 California Avenue, California Avenue, Bakersfield, CA, USA"
441,"35.367352,-119.053912",35.3673515,-119.0539118,1,Innova Solutions,Bakersfield Data Center,"4560 California Avenue suite 100, Bakersfield, California, USA"
442,"35.373728,-119.017792",35.373728,-119.017792,1,Lumen,Bakersfield 2 Data Center,"1430 Truxtun Ave, Bakersfield, CA, USA"
443,"35.37787,-119.011304",35.3778701,-119.0113036,1,Lumen,Bakersfield 1 Data Center,"2020 P Street, Bakersfield, CA, USA"
444,"35.424864,-97.599776",35.424864,-97.5997755,2,CBRE | ValorC3,4442 Newcastle Rd Data Center | Oklahoma City Data Center,"4442 Newcastle Rd, Oklahoma City, OK, USA | 4442 Newcastle Rd, Oklahoma City, Oklahoma, USA"
445,"35.457515,-97.523999",35.4575151,-97.5239988,1,Cogent Communications,Oklahoma City Data Center,"630 Southwest 7th Street, Oklahoma City, Oklahoma 73109, USA"
446,"35.466482,-97.649302",35.4664822,-97.6493017,1,RACK59 Data Center,Oklahoma Data Center,"7725 West Reno Avenue, Oklahoma City, Oklahoma, USA"
447,"35.488154,-82.558062",35.4881539,-82.5580616,1,DartPoints,Asheville Data Center,"100 Technology Dr ste c, Asheville, NC, USA"
448,"35.505162,-80.622785",35.505162,-80.6227849,1,Segra,Kannapolis Data Center,"465 Charles Babbage Lane, Kannapolis, NC, USA"
449,"35.513699,-97.593042",35.5136988,-97.5930416,1,TierPoint,Oklahoma City 4114 Perimeter Center Data Center,"4114 Perimeter Center Place, Oklahoma City, Oklahoma 73112, USA"
450,"35.514224,-97.596767",35.5142245,-97.596767,1,TierPoint,Oklahoma City 4121 Perimeter Center Data Center,"4121 Perimeter Center Place, Oklahoma City, OK, USA"
451,"35.564108,-80.828065",35.564108,-80.828065,1,GIGA Data Centers,CLT-1 Data Center,"1035 Mecklenburg Hwy, Mooresville, NC, USA"
452,"35.587498,-81.230554",35.5874982,-81.2305543,1,Microsoft Azure,Maiden - USA,"Zeb Haynes Road & Old Maiden Rd, North Carolina 28650, USA"
453,"35.587757,-81.256917",35.5877572,-81.2569172,1,Apple Inc.,Maiden Data Center,"5977 Startown Road, Newton, NC, USA"
454,"35.667,-95.366",35.667,-95.366,1,Google,Muskogee County,"MJ8M+RH5 Muskogee, Oklahoma (Summit area)"
455,"35.692784,-85.760025",35.692784,-85.760025,1,LiteWire Data,204 Red Rd Data Center,"204 Red Rd, McMinnville, TN, USA"
456,"35.701425,-81.156561",35.7014246,-81.1565612,1,Data Journey,Catawba County Data Center,"2436 Penny Road, Claremont, NC, USA"
457,"35.725094,-78.662478",35.7250938,-78.6624775,1,Segra,Raleigh Data Center,"2100 Garner Station Boulevard, Raleigh, NC, USA"
458,"35.727321,-81.205876",35.727321,-81.205876,1,Microsoft Azure,Lyle Creek Data Center,"1521 N Nc 16 Hwy, Conover, North Carolina 28613, USA"
459,"35.774897,-78.639025",35.7748973,-78.6390254,1,CenterServ,Raleigh Data Center,"421 Fayetteville Street, Raleigh, NC, USA"
460,"35.778904,-78.647671",35.7789036,-78.6476706,1,Cogent Communications,Raleigh Data Center,"608 W Hargett St, Raleigh, North Carolina 27603, USA"
461,"35.825908,-78.609513",35.8259083,-78.6095131,1,Lumen,Raleigh 3 Data Center,"3440 Tarheel Drive, Raleigh, NC, USA"
462,"35.845793,-78.690318",35.8457928,-78.6903184,1,Innova Solutions,Raleigh Data Center,"5171 Glenwood Avenue suite 443, Raleigh, NC, USA"
463,"35.850328,-78.82887",35.8503278,-78.8288705,1,Flexential,Raleigh Data Center,"5150 McCrimmon Parkway #423, Morrisville, NC 27560, USA"
464,"35.854477,-78.597044",35.854477,-78.597044,1,Lumen,Raleigh 1 Data Center,"5301 Departure Drive, Raleigh, NC, USA"
465,"35.893475,-81.547971",35.893475,-81.547971,1,Google,Lenoir,708 Lynhaven Dr 28645 Lenoir
466,"35.89574,-78.849173",35.8957405,-78.8491728,1,Acehost Data Centers,Raleigh-Durham Data Center,"4518 South Miami Boulevard, Durham, NC, USA"
467,"35.897217,-78.878779",35.8972173,-78.878779,1,TierPoint,Raleigh - RTP Data Center,"99 TW Alexander Drive, Durham, NC 27709, USA"
468,"35.898352,-81.547544",35.898352,-81.547544,1,Google,"Lenoir, NC Data Center",708 Lynhaven Drive
469,"35.907402,-78.778523",35.9074015,-78.7785233,1,LightEdge,Raleigh Data Center,"8020 Arco Corporate Dr, Raleigh, NC 27617, USA"
470,"35.91981,-86.81564",35.9198096,-86.8156402,2,Flexential | MOD Mission Critical,NA1 - Flexential Franklin TN Data Center PoP | Nashville - Franklin Data Center,"4600 Carothers Parkway, Franklin, TN 37067, USA | 4600 Carothers Parkway, Franklin, TN, USA"
471,"35.922433,-81.542808",35.9224326,-81.5428081,1,Centrilogic,"Lenoir, North Carolina","801 N Main St, Lenoir, NC 28645, USA"
472,"35.922756,-86.857388",35.9227562,-86.8573884,1,Compass Datacenters,Tennessee Data Center,"3111 Eddy Lane, Franklin, TN, USA"
473,"35.924479,-86.855833",35.9244789,-86.8558332,1,TierPoint,Nashville Data Center,"311 Eddy Lane, Franklin, TN, USA"
474,"35.936277,-78.879916",35.9362768,-78.8799158,1,CyrusOne,DUR1 Raleigh-Durham Data Center,"2223 Northeast Creek Parkway, Durham, NC, USA"
475,"35.951091,-86.833251",35.9510909,-86.8332508,1,Flexential,Nashville - Cool Springs Data Center,"425 Duke Drive, Franklin, TN, USA"
476,"35.951516,-84.124496",35.9515161,-84.1244958,1,Windstream,"Knoxville, TN Data Center","2333 Lovell Rd, Knoxville, Tennessee 37932, USA"
477,"35.961918,-78.871141",35.9619177,-78.8711413,1,Lumen,Raleigh 4 Data Center,"924 Ellis Rd, Durham, NC, USA"
478,"35.972453,-86.808748",35.9724528,-86.8087485,1,Flexential,Nashville - Brentwood Data Center,"7100 Commerce Way suite 25, Brentwood, TN 37027, USA"
479,"36.021963,-115.082838",36.0219634,-115.0828381,1,CenterServ,Henderson Data Center,"170 South Green Valley Parkway, Henderson, NV, USA"
480,"36.030103,-79.800392",36.0301026,-79.8003918,1,Lumen,Greensboro 1 Data Center,"413-445 Creek Ridge Road, Greensboro, NC, USA"
481,"36.055812,-80.226524",36.0558123,-80.226524,1,Segra,Winston-Salem Data Center,"3310 Old Lexington Road, Winston-Salem, NC, USA"
482,"36.05616,-115.009056",36.0561599,-115.009056,1,Google,"Henderson, NV Data Center","Google 560 W Warm Springs Rd, West Warm Springs Road, Henderson, NV 89011, USA"
483,"36.057398,-115.009136",36.057398,-115.009136,1,Google,Henderson,"560 W Warm Springs Rd, West Warm Springs Road,"
484,"36.059162,-115.145989",36.0591623,-115.1459889,1,DataBank,LAS1 Las Vegas Data Center,"7185 Pollock Drive, Las Vegas, NV, USA"
485,"36.059811,-115.210221",36.0598107,-115.210221,1,UnitedLayer,Las Vegas North Data Center,"7135 South Decatur Boulevard, Las Vegas, NV, USA"
486,"36.059931,-115.211793",36.0599313,-115.2117926,1,Switch Data Centers,Switch Data Centers: CORE Campus,"Switch LAS VEGAS - The Core Campus, 7135 South Decatur Boulevard, Las Vegas, NV, USA"
487,"36.065225,-115.130829",36.0652248,-115.1308293,1,EdgeConnex,LAS01 Las Vegas Data Center,"1541 East Pama Lane, Las Vegas, NV, USA"
488,"36.066628,-115.213632",36.0666279,-115.2136316,1,Synoptek,Las Vegas Data Center,"6795 S Edmond St 3rd floor, Las Vegas, NV 89118, USA"
489,"36.067834,-115.137685",36.0678345,-115.1376854,1,TPx Communications,Las Vegas Data Center,"1181 Grier Dr, Las Vegas, NV 89119, USA"
490,"36.069192,-79.951249",36.0691917,-79.9512489,1,Lumen,Greensboro 2 Data Center,"496 Gallimore Dairy Rd, Greensboro, NC, USA"
491,"36.071283,-80.333658",36.0712826,-80.3336585,1,CenterServ,Winston-Salem Data Center,"615 St George Square Ct, Winston-Salem, NC, USA"
492,"36.102798,-86.755622",36.102798,-86.7556221,1,Lumen,Nashville 1 Data Center,"2990 Sidco Dr, Nashville, TN, USA"
493,"36.127,-86.813757",36.1270003,-86.8137574,1,Windstream,"Nashville, TN Data Center","105 Westwood Trce, Nashville, TN, USA"
494,"36.13211,-86.752966",36.1321103,-86.7529657,1,Cogent Communications,Nashville Data Center,"338 Woodycrest Ave, Nashville, Tennessee 37210, USA"
495,"36.142749,-115.077505",36.1427486,-115.0775046,1,Lumen,Las Vegas 2 Data Center,"4485 East Sahara Avenue, Las Vegas, NV, USA"
496,"36.143894,-95.734987",36.143894,-95.734987,1,Meta,Tulsa,Fair Oaks Innovation Park near 11th Street and the Creek Turnpike in east Tulsa
497,"36.144881,-86.701722",36.1448813,-86.7017215,1,EdgeConnex,NAS01 Nashville Data Center,"1841 Air Lane Drive bldg 3, Nashville, TN 37210, USA"
498,"36.148802,-95.990591",36.1488018,-95.9905906,1,Windstream,"Tulsa, OK Data Center","110 W 7th St, Tulsa, Oklahoma 74119, USA"
499,"36.149843,-86.67982",36.1498427,-86.6798195,1,Lumen,Nashville 2 Data Center,"2530 Perimeter Place Drive, Nashville, TN, USA"
500,"36.153298,-95.989195",36.1532977,-95.9891953,1,CenterServ,Tulsa Data Center,"321 South Boston Avenue, Tulsa, OK, USA"
501,"36.153982,-95.992775",36.1539816,-95.992775,1,Compass Datacenters,Tulsa Data Center,"Tulsa, OK, USA"
502,"36.156864,-95.993142",36.156864,-95.9931417,1,Lumen,Tulsa 1 Data Center,"18 West Archer Street, Tulsa, OK, USA"
503,"36.158798,-95.988577",36.158798,-95.9885766,1,TierPoint,Tulsa - Archer Data Center,"322 East Archer Street, Tulsa, OK, USA"
504,"36.15922,-86.772769",36.1592198,-86.772769,1,365 Data Centers,NA2 Nashville Data Center,"101 Molloy Street suite 300, Nashville, TN, USA"
505,"36.161705,-86.786837",36.1617047,-86.7868374,1,DataBank,209 10th Ave South Data Center,"209 10th Avenue North, Nashville, Tennessee 37203, USA"
506,"36.162626,-86.776278",36.1626255,-86.7762776,1,H5 Data Centers,Nashville Data Center,"211 Commerce Street, Nashville, TN, USA"
507,"36.162694,-86.77862",36.1626945,-86.7786198,1,365 Data Centers,NA1 Nashville Data Center,"147 4th Avenue North, Nashville, TN, USA"
508,"36.163732,-86.780125",36.1637318,-86.7801247,1,CenterServ,Nashville Data Center,"424 Church Street, Nashville, TN, USA"
509,"36.166079,-115.144608",36.166079,-115.144608,1,CenterServ,Las Vegas Data Center,"400 S 4th St, Las Vegas, NV, USA"
510,"36.168324,-115.143059",36.1683238,-115.143059,1,Flexential,Las Vegas - Downtown Data Center,"304 E Carson Ave suite 370, Las Vegas, NV 89101, USA"
511,"36.174173,-97.051819",36.174173,-97.051819,1,Google,Stillwater,"Stillwater, OK 74075"
512,"36.188787,-86.803562",36.1887874,-86.8035625,1,Lumen,Nashville 3 Data Center,"2208 9th Avenue North, Nashville, TN, USA"
513,"36.214578,-93.078667",36.2145778,-93.0786667,1,Windstream,"Harrison, AR Data Center","202 Graham St, Harrison, AR 72601, USA"
514,"36.236561,-115.117302",36.2365611,-115.1173021,1,Lumen,Las Vegas 1 Data Center,"1 Aerojet Way, North Las Vegas, NV, USA"
515,"36.24126,-95.330669",36.24126,-95.330669,1,Google,Mayes County,"4581 Webb St, Pryor, OK 74361"
516,"36.248009,-115.101272",36.2480093,-115.1012725,2,Enzu | Flexential,LAS2 Las Vegas Data Center | Las Vegas - North Data Center,"3330 E Lone Mountain Rd, North Las Vegas, NV 89081, USA | 3330 E Lone Mountain Rd, North Las Vegas, NV, USA"
517,"36.273321,-115.048009",36.2733211,-115.048009,1,NOVVA,Las Vegas Data Center,"Novva Data Centers - Las Vegas, 6115 Nicco Way, Las Vegas, NV 89115, USA"
518,"36.307279,-95.271696",36.307279,-95.271696,1,Google,"Mayes County, OK Data Center",4111 North East 1st Street
519,"36.329943,-119.322985",36.3299428,-119.3229854,1,Innova Solutions,Visalia Data Center,"2906 West Main Street, Visalia, California, USA"
520,"36.333919,-102.07006",36.3339188,-102.0700599,1,Lumen,Stratford 1 Data Center,"501 Texas Street, Stratford, TX, USA"
521,"36.408768,-86.386983",36.4087679,-86.386983,1,Centersquare,"Nashville (Gallatin, TN)","1398 Gateway Drive, Gallatin, TN, USA"
522,"36.408954,-86.374046",36.4089544,-86.3740459,1,"Meta, Inc.",Gallatin Data Centers,"1 Meta Lp, Gallatin, Tennessee 37066, USA"
523,"36.411301,-86.368495",36.411301,-86.368495,1,Meta,Gallatin,"1 Meta Lp, Gallatin, Tennessee 37066, USA"
524,"36.600863,-78.549977",36.6008629,-78.549977,1,TECfusions,"Clarksville, VA Data Center","250 Burlington Drive, Clarksville, VA, USA"
525,"36.620502,-87.261995",36.6205022,-87.2619951,1,Google,"Montgomery County, TN Data Center","1000 Boolean Dr, Clarksville, TN 37040, USA"
526,"36.621137,-87.264842",36.621137,-87.264842,1,Google,Montgomery County,1000 Boolean Dr 37040 Clarksville
527,"36.667641,-78.387498",36.6676413,-78.3874978,1,Microsoft Azure,East US 2 - Virginia,"Boydton, VA, USA"
528,"36.677055,-78.376831",36.6770547,-78.3768307,1,Microsoft Azure,East US-Virginia,"101 Herbert Drive, Boydton, VA, USA"
529,"36.691537,-78.363391",36.691537,-78.3633912,1,Microsoft Azure,Boydton - Virginia,"925 Ridge Rd, Boydton, Virginia 23917, USA"
530,"36.737798,-119.787125",36.7377981,-119.7871247,1,Microsoft Azure,West US-California,"Fresno, CA, USA"
531,"36.746782,-119.815245",36.7467825,-119.8152449,1,Lumen,Fresno 1 Data Center,"305 W Napa Ave, Fresno, CA, USA"
532,"36.770701,-78.179243",36.7707014,-78.1792434,1,Microsoft Azure,Hillcrest,"South Hill, Virginia 23970, USA"
533,"36.777393,-76.008881",36.7773929,-76.0088814,1,PointOne,Nap Of Virginia Beach,"1893 Corporate Landing Pkwy, Virginia Beach, VA, USA"
534,"36.779137,-76.238348",36.7791367,-76.2383481,1,CenterServ,Chesapeake Data Center,"1545 Crossways Blvd, Chesapeake, VA, USA"
535,"36.815544,-76.06595",36.8155443,-76.0659504,1,CenterServ,Virginia Beach Data Center,"780 Lynnhaven Parkway, Virginia Beach, VA, USA"
536,"36.843037,-119.807471",36.843037,-119.8074714,1,Innova Solutions,Fresno Data Center,"7330 North Palm Avenue suite 105, Fresno, California, USA"
537,"36.843952,-76.287491",36.8439517,-76.2874909,1,CenterServ,Norfolk Data Center,"999 Waterside Drive, Norfolk, VA, USA"
538,"36.848055,-119.795362",36.8480552,-119.7953622,1,Lumen,Fresno 2 Data Center,"7576 North Del Mar Avenue, Fresno, CA, USA"
539,"36.861868,-76.235344",36.861868,-76.235344,1,EdgeConnex,NOR01 Norfolk Data Center,"3800 Village Ave suite c, Norfolk, Virginia 23502, USA"
540,"36.977751,-82.527229",36.9777506,-82.5272294,1,DP Facilities,Mineral Gap Data Center Campus,"5978 Windswept Blvd, Wise, VA, USA"
541,"37.080649,-113.607133",37.0806492,-113.6071332,1,ValorC3,St George 1 Data Center,"1108 West 1600 South, St. George, UT, USA"
542,"37.229503,-93.215003",37.229503,-93.2150029,1,Bluebird Data Centers,Bluebird Underground Data Center,"1904 Le Compte Rd, Springfield, MO, USA"
543,"37.235335,-121.782344",37.2353347,-121.7823438,1,Prime Data Centers,Prime San Jose - 6580 Via Del Oro,"6580 Vía del Oro, San Jose, CA, USA"
544,"37.241239,-121.784826",37.2412392,-121.7848263,1,Equinix,SV10 San Jose Data Center,"7 Great Oaks Boulevard, San Jose, CA, USA"
545,"37.241538,-121.783474",37.2415378,-121.783474,1,Equinix,SV1 San Jose Data Center,"11 Great Oaks Boulevard, San Jose, CA, USA"
546,"37.33344,-121.887746",37.3334401,-121.8877458,1,Rackspace,SJC2 San Jose Data Center,"150 South 1st Street, San Jose, CA, USA"
547,"37.33874,-121.885252",37.33874,-121.8852525,1,Oracle,US West us-sanjose-1,"San Jose, CA, USA"
548,"37.354108,-121.955236",37.3541079,-121.9552356,1,IBM Cloud,"SJC04 San Jose, CA","Santa Clara, CA, USA"
549,"37.36078,-77.32734",37.3607799,-77.32734,1,Chirisa Technology Parks,"CTP-02 Campus, Richmond, VA","1401 Meadowville Technology Parkway, Chester, VA, USA"
550,"37.361752,-121.942934",37.3617523,-121.9429336,1,Digital Realty,Silicon Valley SC1 Data Center,"2220 De La Cruz Boulevard, Santa Clara, CA, USA"
551,"37.364236,-121.947578",37.3642356,-121.9475777,1,Vantage Data Centers,CA2 Santa Clara Data Center,"737 Mathew Street, Santa Clara, CA, USA"
552,"37.368088,-121.942512",37.3680878,-121.9425115,1,CyrusOne,SCV1 Silicon Valley Data Center,"2600 De La Cruz Boulevard, Santa Clara, CA, USA"
553,"37.369512,-121.955024",37.3695122,-121.9550245,1,NTT Global Data Centers,SV1 Silicon Valley Data Center,"1160 Walsh Ave, Santa Clara, CA 95050, USA"
554,"37.37091,-121.946925",37.3709096,-121.9469251,1,Digital Realty,Silicon Valley SJC37 Data Center,"641 Walsh Ave, Santa Clara, CA 95050, USA"
555,"37.371885,-121.969458",37.3718854,-121.9694581,1,Centersquare,SFO1 Santa Clara Data Center Campus,"2401 Walsh Avenue, Santa Clara, CA, USA"
556,"37.372055,-121.985967",37.3720552,-121.9859667,1,Centersquare,SFO3 Sunnyvale Data Center Campus,"1400 Kifer Rd, Sunnyvale, CA, USA"
557,"37.372428,-121.973617",37.3724282,-121.9736174,1,Vantage Data Centers,CA1 Santa Clara Data Center Campus,"2820 Northwestern Parkway, Santa Clara, CA, USA"
558,"37.373424,-121.987655",37.3734237,-121.9876548,1,Lumen,Sunnyvale 1 Data Center,"1380 Kifer Road, Sunnyvale, CA, USA"
559,"37.374911,-121.953254",37.3749112,-121.9532543,1,Prime Data Centers,Prime Santa Clara - 1111 Comstock,"1111 Comstock Street, Santa Clara, CA, USA"
560,"37.374961,-121.954866",37.3749613,-121.9548655,1,Prime Data Centers,Prime Santa Clara - 1231 Comstock,"1231 Comstock Street, Santa Clara, CA, USA"
561,"37.378164,-121.954954",37.3781637,-121.9549544,1,Equinix,SV2 Santa Clara Data Center,"1350 Duane Avenue, Santa Clara, CA, USA"
562,"37.378419,-121.958142",37.3784193,-121.9581423,1,IBM Cloud,"SJC01 San Jose, CA","3105 Alfred Street, Santa Clara, CA, USA"
563,"37.388235,-121.888457",37.3882347,-121.8884572,2,Equinix | LeaseWeb,SV3 San Jose Data Center | San Francisco SFO-12 Data Center,"1735 Lundy Ave, San Jose, CA 95131, USA | 1735 Lundy Avenue, San Jose, CA, USA"
564,"37.389489,-121.962108",37.3894888,-121.9621084,1,"Datacate, Inc",SJC1 Bay Area Santa Clara Data Center,"2151 Mission College Blvd, Santa Clara, CA, USA"
565,"37.389495,-121.962124",37.389495,-121.9621242,1,Evocative,Santa Clara Data Center (SJC11),"2151 Mission College Blvd, Santa Clara, CA 95054, USA"
566,"37.390175,-121.965992",37.3901746,-121.965992,1,Amazon AWS,2305 Mission College Blvd,"2305 Mission College Blvd, Santa Clara, CA 95054, USA"
567,"37.39393,-121.978148",37.3939305,-121.9781478,1,QTS Data Centers,Santa Clara Data Center,"2807 Mission College Boulevard, Santa Clara, CA, USA"
568,"37.39758,-121.980832",37.3975802,-121.9808325,1,Centersquare,SFO2 Santa Clara Data Center Campus,"4650 Old Ironsides Drive, Santa Clara, CA, USA"
569,"37.402211,-121.892822",37.402211,-121.892822,1,Stack Infrastructure,SVY01 - Silicon Valley Data Center,"2001 Fortune Dr, San Jose, CA, USA"
570,"37.407382,-121.965885",37.407382,-121.9658852,1,DataBank,SFO1 Silicon Valley Data Center,"5101 Lafayette Street, Santa Clara, CA, USA"
571,"37.414518,-122.014661",37.4145177,-122.0146608,1,Equinix,SV4 Sunnyvale Data Center,"255 Caspian Drive, Sunnyvale, CA, USA"
572,"37.45029,-77.158279",37.45029,-77.1582789,1,PointOne,Richmond Data Center Campus,"2840 Roxbury Rd, Charles City, VA 23030, USA"
573,"37.471809,-121.920111",37.4718094,-121.9201106,1,Hurricane Electric,Fremont 2 Data Center,"48233 Warm Springs Boulevard, Fremont, CA, USA"
574,"37.478587,-77.227339",37.478587,-77.227339,1,Meta,Henrico,"7321 Technology Blvd, Sandston, VA 23150"
575,"37.488073,-77.244177",37.4880731,-77.2441773,1,QTS Data Centers,Richmond 1 Data Center,"6000 Technology Boulevard, Sandston, VA, USA"
576,"37.493043,-77.692633",37.493043,-77.692633,1,Google,Chesterfield County,"F8V4+6W9 Roseland, Virginia"
577,"37.495142,-77.253848",37.4951422,-77.2538477,1,"Meta, Inc.",Henrico Data Center,"6200 Technology Blvd, Sandston, VA, USA"
578,"37.510152,-122.001883",37.5101524,-122.0018832,1,Apple Inc.,Newark Data Center,"39800 Eureka Drive, Newark, CA, USA"
579,"37.542125,-77.423658",37.5421254,-77.423658,1,Cogent Communications,Richmond Data Center,"1001 Oliver Hill Way, Richmond, Virginia 23219, USA"
580,"37.626024,-122.11346",37.6260243,-122.1134599,1,Prime Data Centers,Prime Bay Area - 26415 Corporate Ave,"26415 Corporate Avenue, Hayward, CA, USA"
581,"37.638532,-122.129938",37.638532,-122.1299385,1,Lumen,Hayward 1 Data Center,"23965 Connecticut St, Hayward, CA, USA"
582,"37.638882,-77.467711",37.6388824,-77.4677111,1,EdgeConnex,RIC01 Richmond Data Center,"1450 East Parham Road suite c, Richmond, Virginia 23228, USA"
583,"37.645363,-121.000223",37.6453634,-121.0002234,1,Lumen,Modesto 1 Data Center,"1224 13th Street, Modesto, CA, USA"
584,"37.646952,-77.438733",37.646952,-77.4387326,1,Flexential,Richmond Data Center,"8851 Park Central Drive suite b, Richmond, VA 23227, USA"
585,"37.685733,-97.328578",37.6857327,-97.3285784,1,CenterServ,Wichita Data Center,"801 East Douglas Avenue, Wichita, KS, USA"
586,"37.709126,-88.895571",37.7091256,-88.8955707,1,CBTS LLC,Lombard Data Center II,"564 Winter Lane, Marion, Illinois, USA"
587,"37.723343,-122.397823",37.7233428,-122.3978233,1,Digital Realty,Silicon Valley SFO10 Data Center,"200 Paul Avenue, San Francisco, CA, USA"
588,"37.782608,-122.391772",37.7826083,-122.3917718,1,Fortress Data Centers,SF1: San Francisco,"274 Brannan Street, San Francisco, CA, USA"
589,"37.788625,-122.390686",37.7886252,-122.3906859,1,Digital Realty,Silicon Valley SFO12 Data Center,"365 Main Street, San Francisco, CA, USA"
590,"37.792555,-122.40392",37.7925552,-122.4039195,1,Claranet,San Francisco Data Center,"555 California Street suite 4925, San Francisco, CA 94104, USA"
591,"37.793065,-79.99664",37.7930648,-79.9966396,1,Lumos Networks,342 N Court Ave Data Center,"342 North Court Avenue, Covington, VA, USA"
592,"37.798981,-122.282491",37.7989814,-122.2824907,1,Digital Realty,Silicon Valley OAK10 Data Center,"720 2nd Street, Oakland, CA, USA"
593,"37.846692,-122.292758",37.8466922,-122.2927584,1,Evocative,Emeryville Data Center (OAK1),"1400 65th Street, Emeryville, CA, USA"
594,"37.963991,-121.36877",37.9639911,-121.3687704,1,Nautilus Data Technologies,Stockton 1 Data Center,"1002 Embarcadero, Stockton, CA, USA"
595,"37.993514,-87.540057",37.993514,-87.540057,1,Windstream,"Evansville, IN Data Center","Midwest Telecom Communications, Inc., Maxwell Avenue, Evansville, Indiana, USA"
596,"38.01424,-77.987623",38.01424,-77.9876228,1,Amazon AWS,Northeast Creek Technology Campus,"Jefferson Hwy, Louisa, Virginia 23093, USA"
597,"38.018749,-84.551416",38.0187486,-84.5514162,1,CenterServ,Lexington Data Center,"2333 Alexandria Drive, Lexington, KY, USA"
598,"38.033027,-77.781055",38.0330274,-77.7810549,1,Amazon AWS,Lake Anna Tech Campus,"Kentucky Springs Rd, Mineral, Virginia 23117, USA"
599,"38.03905,-78.457388",38.0390496,-78.4573885,1,Lumos Networks,1145 River Rd Data Center,"1145 River Rd, Charlottesville, VA, USA"
600,"38.042482,-84.499645",38.0424815,-84.4996451,1,Windstream,"Lexington, KY Data Center","151 South Martin Luther King Boulevard, Lexington, KY 40508, USA"
601,"38.242285,-85.737487",38.2422852,-85.7374872,1,Windstream,"Louisville, KY Data Center","929 Mason Avenue, Louisville, KY, USA"
602,"38.242458,-85.733412",38.2424578,-85.7334124,1,Flexential,Louisville - Downtown Data Center,"752 Barret Ave, Louisville, KY 40204, USA"
603,"38.243145,-85.766104",38.2431452,-85.7661038,1,Lumen,Louisville 1 Data Center,"848 South 8th Street, Louisville, KY, USA"
604,"38.245857,-85.758047",38.2458569,-85.7580474,1,Cogent Communications,Louisville Data Center,"332 West Broadway, Louisville, KY, USA"
605,"38.246862,-85.766372",38.2468618,-85.7663724,1,PowerHouse Data Centers,PowerHouse Louisville,"Louisville, KY, USA"
606,"38.253418,-85.757288",38.2534185,-85.7572885,1,CenterServ,Louisville Data Center,"312 South 4th Street, Louisville, KY, USA"
607,"38.27718,-85.507227",38.27718,-85.5072266,1,Flexential,Louisville - East Data Center,"2101 Nelson Miller Parkway, Louisville, KY, USA"
608,"38.324792,-85.71019",38.3247917,-85.7101901,1,Innova Solutions,Jeffersonville Data Center,"2760 Jefferson Centre Way, Jeffersonville, IN, USA"
609,"38.346101,-77.053512",38.3461011,-77.0535122,1,COPT Defense Properties,"16542 Commerce Dr, Dahlgren","16542 Commerce Dr, Dahlgren, VA, USA"
610,"38.369366,-85.664412",38.369366,-85.664412,1,Meta,Jeffersonville,"500 8th St, Jeffersonville, IN 47130"
611,"38.422069,-77.408309",38.4220687,-77.4083086,1,Stack Infrastructure,Stafford Technology Campus 8,"Stafford, Virginia 22554, USA"
612,"38.44235,-122.746577",38.4423505,-122.7465768,1,Innova Solutions,Santa Rosa Data Center,"100 Stony Point Road suite 100, Santa Rosa, California, USA"
613,"38.450132,-77.980847",38.4501321,-77.9808467,1,DataBank,DataBank IAD5 Data Center,"14601 Germanna Hwy, Culpeper, VA 22701, USA"
614,"38.450148,-77.980851",38.4501478,-77.9808511,1,DataBank,IAD6 - Culpepper Data Center,"14601 Germanna Hwy, Culpeper, Virginia 22701, USA"
615,"38.454881,-77.978325",38.454881,-77.9783249,1,Equinix,CU3 Culpeper Data Center,"18155 Technology Drive, Culpeper, VA, USA"
616,"38.462847,-77.975272",38.4628469,-77.975272,1,CloudHQ,CLP Campus United States - Northern VA,"14521 McDevitt Drive, Culpeper, Virginia 22701, USA"
617,"38.489982,-121.515871",38.4899818,-121.5158712,1,Innova Solutions,Sacramento Data Center,"1104 Corporate Way suite 100, Sacramento, California, USA"
618,"38.534064,-77.787674",38.5340642,-77.7876743,1,PointOne,Remington Technology Park,"12270 Lucky Hill Road, Remington, VA, USA"
619,"38.577381,-121.487019",38.5773806,-121.4870187,1,TPx Communications,Sacramento Data Center,"1099 15th Street, Sacramento, CA, USA"
620,"38.580891,-121.495565",38.5808907,-121.4955653,1,CenterServ,Sacramento Data Center,"980 9th Street (Park Towers), 9th Street, Sacramento, CA, USA"
621,"38.586866,-121.530415",38.5868661,-121.5304152,1,Lumen,Sacramento Data Center,"1075 Triangle Court, Broderick, California, EE. UU."
622,"38.591665,-121.488016",38.5916646,-121.4880162,1,Lumen,Sacramento 2 Data Center,"1005 North B Street, Sacramento, CA, USA"
623,"38.592316,-121.277377",38.5923163,-121.2773773,1,EdgeConnex,SAC01 Sacramento Data Center,"10980 Gold Center Dr, Rancho Cordova, CA 95670, USA"
624,"38.594439,-121.268137",38.5944386,-121.2681374,1,"Datacate, Inc",SMF1 Sacramento Rancho Cordova Data Center,"2999 Gold Canal Drive, Rancho Cordova, CA, USA"
625,"38.596101,-121.272472",38.5961013,-121.272472,1,365 Data Centers,CA1 Rancho Cordova Data Center,"11085 Sun Center Drive, Rancho Cordova, CA, USA"
626,"38.621224,-90.212002",38.6212237,-90.2120018,1,Cogent Communications,St. Louis Data Center,"1925 Chouteau Ave, St. Louis, Missouri 63103, USA"
627,"38.623844,-90.189363",38.623844,-90.1893628,1,CenterServ,St Louis Data Center,"100 South 4th Street, St. Louis, MO, USA"
628,"38.625536,-90.195238",38.625536,-90.195238,2,365 Data Centers | Netrality Data Centers,900 Walnut St. Louis Data Center | MO1 St. Louis Data Center,"900 Walnut St, St. Louis, MO, USA | 900 Walnut Street, St. Louis, MO, USA"
629,"38.625578,-90.198495",38.625578,-90.1984954,1,LightEdge,Saint Louis Data Center,"210 Tucker Blvd, St. Louis, Missouri, USA"
630,"38.629262,-90.197179",38.6292617,-90.1971786,1,Netrality Data Centers,210 North Tucker St. Louis Data Center,"210 North Tucker Boulevard, St. Louis, MO, USA"
631,"38.629757,-90.196398",38.629757,-90.196398,1,TierPoint,St. Louis - Olive Data Center,"1111 Olive Street, St. Louis, MO, USA"
632,"38.630038,-77.415171",38.6300375,-77.415171,1,Amazon AWS,Dumfries Rd & Colchester Park,"Dumfries Road & Colchester Park Dr, Virginia 20112, USA"
633,"38.63038,-90.194949",38.6303796,-90.1949493,1,Lumen,St Louis 1 Data Center,"1015 Locust Street, St. Louis, MO, USA"
634,"38.632598,-90.195693",38.6325981,-90.1956932,1,H5 Data Centers,St. Louis Data Center,"710 N Tucker Blvd, St. Louis, MO, USA"
635,"38.633537,-90.21267",38.633537,-90.2126697,1,TierPoint,St Louis Locust Data Center,"2300 Locust Street, St. Louis, MO, USA"
636,"38.642658,-121.406861",38.6426582,-121.4068614,1,Prime Data Centers,Prime Sacramento - 2408 AK Street,"2408 Ak Street, McClellan Park, CA, USA"
637,"38.643148,-121.407521",38.643148,-121.407521,1,Prime Data Centers,Prime Sacramento - 2407 AK Street,"2407 Ak St, McClellan Park, CA 95652, USA"
638,"38.644245,-121.498745",38.6442447,-121.4987446,1,NTT Global Data Centers,CA3 Sacramento Data Center,"1625 West National Drive, Sacramento, CA, USA"
639,"38.644822,-121.406831",38.6448217,-121.406831,1,Quest Technology Management,Quest Business Resumption Center,"4235 Forcum Ave, McClellan Park, CA, USA"
640,"38.646407,-121.486335",38.646407,-121.486335,1,QTS Data Centers,Sacramento Data Center,"1100 North Market Boulevard, Sacramento, CA, USA"
641,"38.650259,-121.491854",38.6502589,-121.4918536,1,NTT Global Data Centers,CA2 Sacramento Data Center,"1312 Striker Avenue, Sacramento, CA, USA"
642,"38.700045,-90.411022",38.700045,-90.411022,1,TierPoint,St. Louis - Millpark Data Center,"2315 Millpark Drive, Maryland Heights, MO, USA"
643,"38.718519,-77.497629",38.7185189,-77.4976292,1,CloudHQ,MCC Campus United States - Northern VA,"Airman Ave, Manassas, Virginia 20110, USA"
644,"38.72298,-77.499231",38.72298,-77.499231,2,CloudHQ,MCC2 Campus United States - Northern VA | MDC Campus United States - Northern VA,"Historic District, 10100 Harry J Parrish Boulevard, Manassas, VA 20110, USA | Historic District, 10100 Harry J Parrish Boulevard, Manassas, Virginia 20110, USA"
645,"38.735257,-77.50538",38.7352571,-77.50538,1,Amazon AWS,IAD101 Manassas,"10301 Tanner Way, Manassas, VA 20110, USA"
646,"38.735889,-77.507501",38.735889,-77.507501,1,Amazon AWS,IAD100 Manassas,"10321 Tanner Way, Manassas, VA 20110, USA"
647,"38.736026,-77.504866",38.7360262,-77.5048655,1,Amazon AWS,Tanner Way,"10281 Tanner Way, Manassas, VA 20110, USA"
648,"38.738475,-77.502954",38.7384746,-77.5029545,1,Amazon AWS,IAD103 10261 Tanner,"10261 Tanner Way, Manassas, VA 20110, USA"
649,"38.743321,-121.234065",38.7433211,-121.2340647,1,Synoptek,Sacramento Data Center,"3200 Douglas Boulevard, Roseville, CA, USA"
650,"38.743845,-77.530417",38.743845,-77.5304167,1,Amazon AWS,11200 Thomasson Barn,"11200 Thomasson Barn Road, Manassas, VA, USA"
651,"38.744053,-77.529094",38.744053,-77.5290945,1,Amazon AWS,11150 Thomasson Barn,"11150 Thomasson Barn Road, Manassas, VA, USA"
652,"38.744058,-77.529856",38.7440579,-77.5298564,1,COPT Data Center,DC-6 9751 Hornbaker Data Center,"9751 Hornbaker Road, Manassas, VA, USA"
653,"38.747456,-77.674453",38.7474561,-77.6744531,1,OVHCloud,VIN1 Data Center,"6872 Watson Ct, Warrenton, Virginia 20187, USA"
654,"38.747494,-77.531749",38.7474937,-77.531749,1,COPT Data Center,DC-6 Manassas Data Center,"9651 Hornbaker Road, Manassas, VA, USA"
655,"38.749363,-121.251593",38.7493632,-121.2515934,1,Innova Solutions,Roseville Data Center,"1544 Eureka Road suite 100, Roseville, California, USA"
656,"38.767662,-77.539203",38.7676615,-77.5392031,1,Iron Mountain Data Centers,VA-6 - Northern Virginia Data Center,"11891 Sudley Manor Drive, Manassas, VA, USA"
657,"38.771539,-77.536375",38.7715386,-77.5363748,1,Iron Mountain Data Centers,VA-7 - Northern Virginia Data Center,"8330 Bethlehem Road, Manassas, VA, USA"
658,"38.772716,-77.54298",38.7727155,-77.5429805,1,Iron Mountain Data Centers,VA-2 - Northern Virginia Data Center,"11660 Hayden Road, Manassas, VA, USA"
659,"38.77311,-77.541136",38.7731101,-77.5411358,1,Iron Mountain Data Centers,VA-5 - Northern Virginia Data Center,"11580 Hayden Road, Manassas, VA, USA"
660,"38.773981,-77.545262",38.7739807,-77.5452615,1,Iron Mountain Data Centers,VA-1 - Northern Virginia Data Center,"Historic District, 11680 Hayden Road, Manassas, VA, USA"
661,"38.778273,-77.536119",38.7782733,-77.5361191,1,Amazon AWS,Bethlehem Technology Park DC18,"Historic District, 8180 Bethlehem Rd, Manassas, VA, USA"
662,"38.779784,-77.55709",38.7797838,-77.55709,1,Amazon AWS,IAD73 Manassas,"Historic District, 7060 Wellington Road, Manassas, VA, USA"
663,"38.780025,-77.557374",38.7800252,-77.5573744,1,Amazon AWS,IAD74 Manassas,"Historic District, 7080 Wellington Rd, Manassas, VA 20109, USA"
664,"38.789905,-121.313861",38.7899046,-121.3138612,1,Quest Technology Management,Quest High Availability Business Center,"9000 Foothills Boulevard, Roseville, CA, USA"
665,"38.790356,-77.578814",38.7903556,-77.5788143,1,Amazon AWS,5945 Wellington,"5945 Wellington Rd, Bristow, VA 20136, USA"
666,"38.790394,-77.540983",38.790394,-77.5409833,1,Amazon AWS,IAD11 Manassas,"Historic District, 7510 Mason King Ct, Manassas, VA, USA"
667,"38.790496,-77.547636",38.7904957,-77.5476361,1,Amazon AWS,IAD14 Manassas,"Brewers Spring Road, Manassas, VA, USA"
668,"38.791128,-77.538834",38.791128,-77.5388335,1,Amazon AWS,IAD7 Manassas,"Historic District, 7505 Mason King Ct, Manassas, VA, USA"
669,"38.791128,-77.547791",38.7911282,-77.5477908,1,Amazon AWS,IAD52 Manassas,"Historic District, 11800 Brewers Spring Road, Manassas, VA 20109, USA"
670,"38.791925,-77.535829",38.791925,-77.535829,1,Amazon AWS,7500 Bethlehem,"Historic District, 7500 Bethlehem Rd, Manassas, VA 20109, USA"
671,"38.79221,-77.548866",38.7922101,-77.5488656,1,Amazon AWS,IAD59 Manassas,"Historic District, 7600 Doane Drive, Manassas, VA 20109, USA"
672,"38.803467,-77.510496",38.8034667,-77.5104957,1,Equinix,DC14 Manassas Data Center,"7400 Infantry Ridge Road, Manassas, VA, USA"
673,"38.815458,-77.648422",38.8154583,-77.6484222,1,Amazon AWS,IAD55 Haymarket,"15395 John Marshall Hwy, Haymarket, VA 20169, USA"
674,"38.815932,-77.652376",38.8159323,-77.6523757,1,Amazon AWS,15455 John Marshall,"15455 John Marshall Hwy, Haymarket, VA 20169, USA"
675,"38.89627,-94.673374",38.8962704,-94.6733744,1,QTS Data Centers,Overland Park - Kansas City Data Center,"12851 Foster Street, Overland Park, Kansas 66213, USA"
676,"38.897912,-77.454143",38.8979121,-77.4541433,1,Amazon AWS,IAD1 (VDC),"4101a Westfax Dr, Chantilly, VA 20151, USA"
677,"38.897952,-77.455051",38.8979521,-77.4550506,1,Amazon AWS,IAD22 Chantilly,"4155 Westfax Drive, Chantilly, VA, USA"
678,"38.899642,-77.453525",38.8996423,-77.4535248,1,Amazon AWS,IAD9 Chantilly,"4100 Westfax Drive, Chantilly, VA, USA"
679,"38.90285,-77.029148",38.9028495,-77.0291483,1,CoreSite,DC1 Washington DC Data Center,"1275 K Street Northwest, Washington, DC, USA"
680,"38.903395,-77.031492",38.9033951,-77.0314923,1,CoreSite,DC2 Washington DC Data Center,"1099 14th Street Northwest, Downtown, Washington, DC, USA"
681,"38.908613,-77.220473",38.9086134,-77.220473,2,Element Critical | Equinix,DC7 Vienna Data Center | Northern Virginia One Data Center,"7990 Quantum Drive, Vienna, VA, USA | 7990 Science Applications Court, Vienna, VA, USA"
682,"38.914704,-77.493277",38.9147036,-77.4932766,1,Amazon AWS,IAD61 South Riding,"43736 Clubber Lane, South Riding, VA, USA"
683,"38.914848,-92.296303",38.9148481,-92.2963027,1,Lumen,Columbia 1 Data Center,"3201 Falling Leaf Court, Columbia, MO, USA"
684,"38.916818,-77.493275",38.9168184,-77.4932754,1,Amazon AWS,IAD63 Chantilly,"43701 Clubber Ln, Chantilly, VA 20152, USA"
685,"38.916824,-77.47767",38.9168239,-77.4776699,1,Amazon AWS,25430 Sutton Bay IAD150,"25430 Sutton Bay Plz, South Riding, VA 20152, USA"
686,"38.919943,-77.21366",38.919943,-77.21366,1,DataBank,IAD2 - McLean Data Center,"1764a Old Meadow Lane, McLean, VA, USA"
687,"38.919959,-77.211618",38.9199588,-77.2116175,1,Lumen,McLean 1 Data Center,"1755 Old Meadow Road, McLean, VA 22102, USA"
688,"38.922476,-77.427496",38.9224757,-77.4274961,1,Amazon AWS,13600 EDS Drive,"13600 EDS Drive, Herndon, VA, USA"
689,"38.92517,-94.770291",38.9251695,-94.7702912,1,DataBank,MCI3 South Lake Campus Data Center,"11200 Lakeview Avenue, Lenexa, KS, USA"
690,"38.926805,-94.768107",38.9268051,-94.7681069,1,DataBank,MCI1 - South Lake Data Center,"15721 College Blvd, Lenexa, KS, USA"
691,"38.940826,-94.755108",38.9408262,-94.7551084,1,TierPoint,Kansas City - Lenexa Data Center,"14500 West 105th Street, Lenexa, KS, USA"
692,"38.948204,-77.371723",38.9482039,-77.371723,1,CoreSite,VA3 Reston Data Center,"12369 Sunrise Valley Drive, Reston, VA, USA"
693,"38.948464,-77.327226",38.948464,-77.3272255,1,Digital Realty,Northern Virginia VA3 Data Center,"1780 Business Center Drive, Reston, VA, USA"
694,"38.948949,-77.521471",38.9489489,-77.5214712,1,Amazon AWS,Fadeley II,"42800 Fadeley Ln, Sterling, VA 20166, USA"
695,"38.949118,-77.555315",38.9491182,-77.555315,2,Microsoft Azure,42010 Growth Mindset | 42031 Growth Mindset,"42010 Growth Mindset Lane, Stone Ridge, Virginia 20105, USA | 42031 Growth Mindset Lane, Stone Ridge, Virginia 20105, USA"
696,"38.950629,-77.364564",38.9506292,-77.364564,1,CoreSite,VA1 Reston Data Center,"12100 Sunrise Valley Drive, Reston, VA, USA"
697,"38.950656,-77.364582",38.950656,-77.364582,1,CoreSite,VA2 Reston Data Center,"12098 Sunrise Valley Drive, Reston, VA, USA"
698,"38.9518,-94.789782",38.9518,-94.789782,1,Megaport,Cavern Data Center,"17501 West 98th Street, Lenexa, KS, USA"
699,"38.958671,-77.505215",38.958671,-77.5052149,1,CyrusOne,NVA9 Northern Virginia Data Center,"43290 Old Ox Road, Sterling, VA 20166, USA"
700,"38.960853,-77.491486",38.9608527,-77.4914864,1,Digital Realty,Northern Virginia IAD44 Data Center,"43704 Efficiency Dr, Dulles, VA 20166, USA"
701,"38.966498,-123.68748",38.9664976,-123.68748,1,Lumen,Manchester 1 Data Center,"19700 CA-1, Manchester, CA, USA"
702,"38.966498,-123.687534",38.9664975,-123.6875342,1,Lumen,Manchester Data Center,"19700s Highway 1, Manchester, CA 95459, EE. UU."
703,"38.975257,-94.70892",38.975257,-94.7089203,1,DataBank,MCI2 Pine Ridge Data Center,"10605 West 84th Terrace, Lenexa, KS, USA"
704,"38.981472,-84.619145",38.9814723,-84.619145,1,CyrusOne,CIN6 Florence Data Center,"7200 Industrial Road, Florence, KY 41042, USA"
705,"38.982138,-77.427526",38.982138,-77.427526,1,Amazon AWS,22945 International Dr,"22945 International Dr, Sterling, VA 20166, USA"
706,"38.983882,-77.42471",38.9838819,-77.4247098,1,Centersquare,IAD3 Sterling Data Center Campus,"22860 International Drive, Sterling, VA, USA"
707,"38.984518,-94.718472",38.9845182,-94.7184721,1,Windstream,"Lenexa KS, Data Center","7945 Bond Street, Lenexa, KS, USA"
708,"38.986284,-77.441974",38.9862845,-77.4419735,1,Amazon AWS,IAD58 Sterling,"22745 Relocation Drive, Sterling, VA, USA"
709,"38.986879,-77.412335",38.986879,-77.4123352,1,Amazon AWS,45900 Pathfinder Plz,"45900 Pathfinder Plaza, Sterling, VA 20164, USA"
710,"38.988843,-77.447698",38.9888426,-77.4476977,1,Amazon AWS,IAD12 Sterling,"22630 Dulles Summit Court, Sterling, VA, USA"
711,"38.991546,-77.448173",38.9915459,-77.448173,1,Amazon AWS,IAD15  Sterling,"22631 Dulles Summit Ct, Sterling, VA, USA"
712,"38.9966,-77.435788",38.9966,-77.435788,1,Amazon AWS,22370 Kipper,"22370 Kipper Dr, Dulles, VA 20166, USA"
713,"38.997243,-104.79205",38.9972428,-104.7920497,1,Windstream,"Colorado Springs, CO Data Center","1780 Jet Stream Dr, Colorado Springs, CO 80921, USA"
714,"38.999773,-77.449662",38.9997731,-77.4496616,1,QTS Data Centers,Ashburn-Broderick Data Center,"22271 Broderick Drive, Sterling, VA, USA"
715,"38.99989,-77.477872",38.9998905,-77.4778722,1,Digital Realty,Northern Virginia IAD37 Data Center,"44060 Digital Loudoun Plaza bldg k, Ashburn, VA 20147, USA"
716,"39.000915,-77.475168",39.0009154,-77.4751685,1,QTS Data Centers,Ashburn-Shellhorn ASH3 Data Center 1,"22291 Shellhorn Road, Ashburn, Virginia 20147, USA"
717,"39.002656,-77.485444",39.0026562,-77.4854444,1,Amazon AWS,IAD6 (Loudoun Exchange),"43831 Devin Shafron Dr building c, Ashburn, VA 20147, USA"
718,"39.004149,-77.48437",39.0041487,-77.4843702,1,Amazon AWS,IAD23 Ashburn,"43830 Devin Shafron Dr, Ashburn, VA 20147, USA"
719,"39.004922,-77.441875",39.004922,-77.441875,1,Stack Infrastructure,NVA01 - Northern Virginia Data Center,"22080 Pacific Blvd, Ashburn, VA, USA"
720,"39.004932,-77.485788",39.0049321,-77.4857883,1,Amazon AWS,IAD13 Ashburn,"43790 Devin Shafron Drive, Ashburn, VA 20147, USA"
721,"39.010074,-94.50415",39.0100744,-94.5041505,1,Iron Mountain Data Centers,KCM - 1 - Kansas City Data Center,"6301 Winchester Avenue, Kansas City, MO, USA"
722,"39.011336,-94.561992",39.011336,-94.561992,1,CBRE,2121 E 63rd St Data Center,"2121 East 63rd Street, Kansas City, MO, USA"
723,"39.013328,-77.471452",39.013328,-77.471452,1,Aligned Data Centers,IAD01 Ashburn Data Center,"21890 Uunet Drive, Ashburn, VA, USA"
724,"39.013556,-77.466439",39.0135561,-77.4664386,1,Equinix,DC13 Ashburn Data Center,"21830 Uunet Drive, Ashburn, VA, USA"
725,"39.015023,-77.45861",39.015023,-77.4586097,1,Equinix,DC6 Ashburn Data Center,"21721 Filigree Court, Ashburn, VA, USA"
726,"39.015958,-77.461263",39.0159579,-77.4612629,1,Equinix,DC5 Ashburn Data Center,"21701 Filigree Court, Ashburn, VA, USA"
727,"39.015966,-77.48158",39.0159656,-77.4815803,1,DataBank,DataBank IAD1 Data Center,"21635 Red Rum Drive, Ashburn, VA, USA"
728,"39.016363,-77.459022",39.0163627,-77.4590225,1,Equinix,DC2 Ashburn Data Center,"21715 Filigree Court, Ashburn, VA, USA"
729,"39.016741,-77.461292",39.0167411,-77.4612922,1,Equinix,DC4 Ashburn Data Center,"21691 Filigree Court, Ashburn, VA, USA"
730,"39.020864,-77.451294",39.0208636,-77.4512935,1,Equinix,DC10 Ashburn Data Center,"21551 Beaumeade Circle, Ashburn, VA, USA"
731,"39.021624,-77.432726",39.0216235,-77.4327255,1,Amazon AWS,IAD10 Sterling,"45360 West Severn Way, Sterling, VA, USA"
732,"39.021993,-77.460898",39.0219927,-77.4608979,1,Equinix,DC3 Ashburn Data Center,"44470 Chilum Place, Ashburn, VA, USA"
733,"39.022503,-77.450228",39.0225032,-77.4502281,1,Equinix,DC15 Washington DC IBX Data Center,"44780 Performance Circle, Ashburn, VA 20147, U.S."
734,"39.022562,-77.455012",39.0225615,-77.4550121,1,NTT Global Data Centers,VA1 Ashburn Data Center,"44664 Guilford Drive, Ashburn, VA, USA"
735,"39.023359,-77.413357",39.0233589,-77.4133574,1,Centersquare,IAD1 Sterling Data Center Campus,"45901 Nokes Boulevard, Sterling, VA, USA"
736,"39.023556,-77.4509",39.0235565,-77.4508997,1,Equinix,DC12 Ashburn Data Center,"44790 Performance Circle, Ashburn, VA, USA"
737,"39.025136,-77.433919",39.0251361,-77.4339188,1,CyrusOne,NVA5 Northern Virginia Sterling Data Center,"21350 Pacific Blvd, Sterling, VA, USA"
738,"39.028123,-77.457107",39.0281231,-77.4571074,1,Amazon AWS,IAD71 Ashburn,"21263 Smith Switch Rd, Ashburn, VA, USA"
739,"39.028606,-77.458545",39.028606,-77.4585446,1,Amazon AWS,IAD60  Ashburn,"21267 Smith Switch Road, Ashburn, VA, USA"
740,"39.029646,-77.459262",39.0296463,-77.4592617,1,Amazon AWS,IAD50 Ashburn,"21271 Smith Switch Road, Ashburn, VA, USA"
741,"39.035537,-77.450712",39.0355368,-77.4507123,1,Amazon AWS,20945 Loudoun County Pkwy,"20945 Loudoun County Pkwy, Ashburn, VA 20147, USA"
742,"39.043757,-77.487442",39.0437567,-77.4874416,1,Oracle,US East us-ashburn-1,"Ashburn, VA, USA"
743,"39.05044,-77.539663",39.05044,-77.539663,1,Google,Northern Virginia,"20491 Goose Landing Ln, Leesburg, VA 20175"
744,"39.052231,-77.541583",39.0522313,-77.5415829,1,Google,"Loudoun County, VA Data Center","Energy Park Drive, Leesburg, VA, USA"
745,"39.058289,-76.964548",39.058289,-76.9645479,1,DataBridge Sites,"Silver Spring/Washington, D.C. Data Center","12401 Prosperity Drive, Silver Spring, MD, USA"
746,"39.05867,-76.964486",39.0586696,-76.9644861,1,ByteGrid,Silver Spring MDC1 Atlanta Data Center,"12401 Prosperity Drive, Silver Spring, MD, USA"
747,"39.066916,-77.558554",39.0669155,-77.5585543,1,Microsoft Azure,41700 Inclusion Ln,"41700 Inclusion Ln building 1, Leesburg, Virginia 20175, USA"
748,"39.068812,-84.353249",39.0688119,-84.3532492,1,Liberty Center One,Zimcom Office,"1080 Nimitzview Dr #400, Cincinnati, OH, USA"
749,"39.074775,-77.564117",39.0747746,-77.5641169,1,Microsoft Azure,Creek Campus - Virginia,"19515 Compass Creek Parkway, Leesburg, Virginia 20175, USA"
750,"39.083997,-77.152758",39.0839973,-77.1527578,1,Mosaic Data Services,Rockville Data Center,"Rockville, MD, USA"
751,"39.09063,-94.568407",39.0906295,-94.568407,1,Lumen,Kansas City 2 Data Center,"1212 East 19th Street, Kansas City, MO, USA"
752,"39.097929,-84.52514",39.0979288,-84.5251402,1,DataBank,334 Gest St Data Center,"334 Gest St, Cincinnati, Ohio 45203, USA"
753,"39.097935,-84.524095",39.0979348,-84.5240947,1,H5 Data Centers,Cincinnati Data Center,"360 Gest Street, Cincinnati, OH, USA"
754,"39.098032,-84.517596",39.0980322,-84.5175962,1,DartPoints,Cincinnati Data Center,"302 West Third, West 3rd Street, Cincinnati, OH, USA"
755,"39.100669,-94.583643",39.1006692,-94.5836433,1,Lumen,Kansas City 3 Data Center,"1100 Main Street, Kansas City, MO, USA"
756,"39.10078,-94.582502",39.1007796,-94.5825022,1,Lumen,Kansas City 1 Data Center,"1100 Walnut Street, Kansas City, MO, USA"
757,"39.100809,-94.581104",39.1008094,-94.5811036,1,Netrality Data Centers,KC1 - 1102 Grand Kansas City Data Center,"1102 Grand Blvd, Kansas City, MO, USA"
758,"39.101584,-84.509006",39.101584,-84.509006,1,CenterServ,Cincinnati Data Center,"201 East 5th Street, Cincinnati, OH, USA"
759,"39.102463,-84.503293",39.102463,-84.5032927,1,Lumen,Cincinnati 1 Data Center,"400 Pike Street, Cincinnati, OH, USA"
760,"39.102771,-84.517262",39.102771,-84.5172625,1,CyrusOne,CIN2 Cincinnati 7th Street Data Center,"229 West 7th Street, Cincinnati, OH, USA"
761,"39.102908,-84.517373",39.1029079,-84.5173728,1,Data Canopy,Cincinnati,"229 W 7th St, Cincinnati, OH 45202, USA"
762,"39.103489,-94.584388",39.1034886,-94.584388,1,CenterServ,Kansas City Data Center,"107 West 9th Street, Kansas City, MO, USA"
763,"39.104734,-84.54196",39.104734,-84.54196,1,Lumen,Cincinnati 3 Data Center,"1428 West 8th Street, Cincinnati, OH, USA"
764,"39.10585,-84.536559",39.1058505,-84.5365593,1,T5 Data Centers,@Cincinnati Data Center,"925 Dalton Avenue, Cincinnati, OH, USA"
765,"39.107712,-84.511284",39.1077115,-84.5112841,1,CBTS LLC,Cincinnati Data Center,"1 Main St, Cincinnati, Ohio 45202, USA"
766,"39.112617,-94.576361",39.1126169,-94.5763612,1,Cogent Communications,Kansas City Data Center,"101 Holmes St, Kansas City, Missouri 64106, USA"
767,"39.156784,-94.464078",39.1567838,-94.4640779,1,Edged,Edged Kansas City Data Center,"3420 North Arlington Avenue, Kansas City, MO 64161, USA"
768,"39.15912,-94.471348",39.1591195,-94.4713477,1,LightEdge,Kansas City Data Center,"9050 Northeast Underground Drive, Kansas City, MO, USA"
769,"39.18256,-85.896705",39.1825604,-85.8967051,1,DartPoints,Columbus Data Center,"2425 Technology Blvd, Columbus, IN 47201, USA"
770,"39.196158,-94.456724",39.1961583,-94.4567239,1,Metrobloks,MCI-A Metrobloks Data Center,"Hughes Rd, Kansas City, MO, EE. UU."
771,"39.213809,-76.679891",39.2138092,-76.6798909,1,TierPoint,Baltimore - BWI Data Center,"813 Pinnacle Drive, Linthicum Heights, MD, USA"
772,"39.245015,-84.379937",39.2450154,-84.3799371,1,CyrusOne,CIN97 Cincinnati Blue Ash Data Center,"4600 McAuley Place, Cincinnati, OH, USA"
773,"39.270896,-84.327909",39.2708955,-84.3279093,1,CBTS LLC,Gold Coast Data Center,"Cincinnati, OH 45249, USA"
774,"39.274711,-76.591761",39.2747111,-76.5917613,1,Expedient,Baltimore Tide Point Data Center,"1050 Hull Street, Baltimore, MD, USA"
775,"39.27541,-76.625461",39.27541,-76.6254614,1,TierPoint,Baltimore Data Center,"1401 Russell Street, Baltimore, MD, USA"
776,"39.2776,-84.369527",39.2776003,-84.3695267,1,CBRE,11515 Grooms Rd Data Center,"11515 Grooms Rd, Blue Ash, OH, USA"
777,"39.290317,-94.675765",39.290317,-94.675765,1,Rackspace,MCI1 Kansas City Data Center,"10828 North Airworld Drive, Kansas City, MO, USA"
778,"39.291768,-76.620065",39.2917682,-76.6200652,1,DataBank,DataBank BWI1 Data Center,"300 West Lexington Street, Baltimore, MD, USA"
779,"39.29568,-94.674057",39.2956805,-94.6740566,1,Lincoln Rackhouse,Kansas City Data Center,"11155 N Airworld Dr, Kansas City, MO, USA"
780,"39.303907,-84.311228",39.3039071,-84.3112282,1,CyrusOne,CIN3 Cincinnati Mason Data Center,"4800 Parkway Dr, Mason, OH, USA"
781,"39.313056,-94.580832",39.313056,-94.580832,1,Google,Kansas City,Interstate 435 and 169 Highway 64165 
782,"39.315774,-84.448854",39.3157738,-84.4488541,1,Flexential,Cincinnati Data Center,"5307 Muhlhauser Rd, Hamilton, West Chester Township, OH 45011, USA"
783,"39.321994,-94.592441",39.3219941,-94.5924406,1,"Meta, Inc.",Kansas City Data Center,"801 NW 128 St, Kansas City, Missouri 64165, USA"
784,"39.322577,-94.593899",39.322577,-94.593899,1,Meta,Kansas City,"801 NW 128 St, Kansas City, Missouri 64165, USA"
785,"39.322939,-84.436385",39.3229386,-84.4363852,1,Lumen,Cincinnati 4 Data Center,"9490 Meridian Way, West Chester Township, OH, USA"
786,"39.358156,-84.31651",39.3581557,-84.3165095,1,CBTS LLC,Mason Data Center,"784 South Forest Avenue, Mason, Ohio 45040, USA"
787,"39.385059,-84.56684",39.3850591,-84.5668403,1,CyrusOne,CIN4 Cincinnati Hamilton Data Center,"103 Knightsbridge Drive, Hamilton, OH, USA"
788,"39.390521,-84.218641",39.3905211,-84.2186408,1,CyrusOne,CIN5 Cincinnati North Cincinnati Data Center,"401 Kingsview Drive, Lebanon, OH, USA"
789,"39.406476,-84.54494",39.4064759,-84.5449398,1,CBTS LLC,Hamilton Data Center,"123 Pine St, Hamilton, Ohio 45011, USA"
790,"39.414269,-77.410541",39.4142688,-77.4105409,1,Aligned Data Centers,"Frederick County, Maryland Hyperscale Campus","Frederick, MD, USA"
791,"39.427117,-76.811709",39.4271172,-76.8117092,1,Expedient,Baltimore Owings Mills Data Center,"11155 Red Run Blvd, Owings Mills, MD, USA"
792,"39.441316,-119.764217",39.4413156,-119.764217,1,PowerHouse Data Centers,PowerHouse Reno,"Tahoe-Reno Industrial Center, Double Eagle Court, Reno, NV, USA"
793,"39.45424,-119.757176",39.4542404,-119.7571763,1,Apple Inc.,Reno Data Center,"21505 Technology Way, Reno, NV 89521, USA"
794,"39.469362,-119.769958",39.4693619,-119.7699581,1,Roller Network,Reno Data Center,"3545 Airway Dr, Reno, NV 89511, USA"
795,"39.501346,-119.429575",39.501346,-119.429575,1,Google,Storey County,"7400 USA Pkwy, Sparks, NV 89437"
796,"39.514256,-119.474243",39.5142555,-119.4742431,1,Switch Data Centers,Switch Data Centers: CITADEL Campus,"Switch TAHOE RENO - The Citadel Campus, Superloop Circle, Sparks, NV, USA"
797,"39.514302,-121.550385",39.514302,-121.5503848,1,Cogent Communications,Oroville Data Center,"2405 Bird St, Oroville, California 95965, USA"
798,"39.520924,-119.482859",39.5209235,-119.4828588,1,NOVVA,Tahoe Reno Data Center,"3399 Peru Drive, Sparks, NV, USA"
799,"39.525084,-119.827138",39.525084,-119.827138,1,Lumen,Reno 1 Data Center,"220 Gardner Street, Reno, NV, USA"
800,"39.534911,-119.752689",39.5349112,-119.7526886,1,Google,"Storey County, NV Data Center","Sparks, NV, USA"
801,"39.549911,-105.033383",39.5499106,-105.0333832,2,Centersquare,DEN1 (Denver) Highlands Ranch Data Center Campus | DEN1-A Highlands Ranch Data Center,"9180 Commerce Center Circle, Highlands Ranch, CO 80129, USA | 9180 Commerce Center Circle, Highlands Ranch, CO, USA"
802,"39.559053,-104.834392",39.5590531,-104.8343918,1,US Signal,8675 Concord Center Dr Data Center,"8675 Concord Center Dr, Englewood, CO 80112, USA"
803,"39.560317,-104.857528",39.5603168,-104.8575278,1,Equinix,DE2 Englewood Data Center,"335 Inverness Drive South, Englewood, CO, USA"
804,"39.560488,-104.838206",39.5604876,-104.8382056,1,Flexential,Denver - Englewood Data Center,"8636 South Peoria Street, Englewood, CO, USA"
805,"39.563477,-104.826833",39.5634767,-104.826833,1,EdgeConnex,DEN02 Denver Data Center,"8451 Highfield Parkway, Englewood, CO, USA"
806,"39.564112,-104.866554",39.5641119,-104.8665538,1,DataBank,DEN1 Englewood Data Center,"393 Inverness Parkway, Englewood, CO, USA"
807,"39.582709,-104.841369",39.5827092,-104.8413691,1,Expedient,Denver-Centennial Data Center,"7347 South Revere Parkway, Centennial, CO, USA"
808,"39.587333,-104.876202",39.5873328,-104.8762016,1,Equinix,DE1 Englewood Data Center,"9706 East Easter Avenue, Centennial, CO, USA"
809,"39.590108,-104.846381",39.5901078,-104.8463806,1,DataBank,DataBank DEN5 Data Center,"6961 South Quentin Street, Centennial, CO 80112, USA"
810,"39.591093,-84.236385",39.5910931,-84.236385,1,EvoSwitch,DAY-01 Springboro Data Center,"3366 South Tech Boulevard, Miamisburg, OH, USA"
811,"39.591094,-84.236359",39.5910945,-84.236359,1,Iron Mountain Data Centers,OHS - 1 - Ohio Data Center,"3366 S Tech Blvd, Miamisburg, OH, USA"
812,"39.591303,-104.846748",39.5913028,-104.8467476,1,DataBank,DEN2 Centennial Data Center,"6900 South Peoria Street, Centennial, CO, USA"
813,"39.594163,-104.843182",39.5941628,-104.8431818,1,Flexential,Denver - Centennial Data Center,"12500 East Arapahoe Road, Centennial, CO, USA"
814,"39.612805,-75.761495",39.612805,-75.761495,1,Ntirety,Newark Data Center,"350 Pencader Drive, Newark, DE, USA"
815,"39.618102,-104.891509",39.618102,-104.8915092,1,H5 Data Centers,Denver Data Center,"5350 South Valentia Way, Greenwood Village, CO, USA"
816,"39.625674,-84.234268",39.6256745,-84.2342681,1,CBTS LLC,Lebanon Data Center,"4433 Tree Top Court South, Miamisburg, Ohio, USA"
817,"39.630589,-104.89682",39.6305889,-104.8968197,1,Cogent Communications,Denver Data Center,"4643 S Ulster St, Denver, CO, USA"
818,"39.661485,-104.849519",39.6614846,-104.8495192,1,Flexential,Denver - Aurora Data Center,"11900 East Cornell Avenue, Aurora, CO, USA"
819,"39.687032,-75.574506",39.6870316,-75.5745058,1,"DaSTOR, LLC",New Castle Delaware Data Center,"3 Boulden Circle, New Castle, DE, USA"
820,"39.700421,-104.987195",39.700421,-104.987195,1,Ntirety,Denver Data Center,"888 South Broadway, Denver, CO, USA"
821,"39.726114,-82.683396",39.7261137,-82.6833958,1,Google,Lancaster Data Center,"105 Whiley Rd, Lancaster, Ohio 43130, USA"
822,"39.734342,-104.707959",39.7343422,-104.7079594,1,QTS Data Centers,Denver Data Center,"1160 N Gun Club Rd, Aurora, Colorado 80018, USA"
823,"39.741461,-86.150772",39.7414614,-86.150772,1,Lumen,Indianapolis 1 Data Center,"1902 South East Street, Indianapolis, IN, USA"
824,"39.745119,-104.979669",39.7451193,-104.9796689,1,Lumen,Denver 1 Data Center,"1850 Pearl St, Denver, CO, USA"
825,"39.74528,-104.979319",39.7452796,-104.9793189,1,CoreSite,DE2 Denver Data Center,"639 East 18th Avenue, Denver, CO, USA"
826,"39.745636,-104.995636",39.745636,-104.9956363,4,910Telecom | FDCservers.net | Lumen | Megaport,CoreSite DE1 Data Center | DE1 CoreSite | Denver 3 Data Center | Denver Data Center,"910 15th St, Denver, CO, USA | 910 15th Street, Denver, CO, USA | 910 15th Street, Denver, Colorado, USA"
827,"39.74576,-104.994518",39.7457599,-104.9945184,2,DataBank | RadiusDC,1500 Champa (Denver) Data Center | DEN3 Downtown Denver Data Center,"1500 Champa Street, Denver, CO, USA | 1500 Champa Street, Denver, Colorado, USA"
828,"39.747864,-104.993657",39.7478635,-104.9936574,1,Lumen,Denver 4 Data Center,"950 17th Street, Denver, CO, USA"
829,"39.748,-75.547",39.748,-75.547,1,"DaSTOR, LLC",Wilmington Data Center,"1201 North Market Street, Wilmington, DE 19801, USA"
830,"39.749533,-75.538761",39.749533,-75.5387609,1,Lumen,Wilmington 1 Data Center,"1603 Jessup Street, Wilmington, DE, USA"
831,"39.75824,-86.290189",39.7582404,-86.2901891,1,Lumen,Indianapolis 2 Data Center,"700 West Henry Street, Indianapolis, IN, EE. UU."
832,"39.758745,-86.167784",39.7587453,-86.1677844,1,Otava,Indianapolis Data Center,"505 West Merrill Street, Indianapolis, IN, USA"
833,"39.759374,-86.172235",39.7593741,-86.1722353,1,DataBank,IND1 Downtown Indianapolis Data Center,"731 West Henry Street, Indianapolis, IN, USA"
834,"39.759649,-86.170805",39.7596486,-86.1708047,3,365 Data Centers | Netrality Data Centers | US Signal,IN1 - Indianapolis Data Center | Indianapolis Data Center | Indy Telcom Center,"701 W Henry St, Indianapolis, IN, USA | 701 West Henry Street, Indianapolis, IN, USA | 701 West Henry Street, Indianapolis, Indiana, USA"
835,"39.760096,-86.170486",39.7600961,-86.1704857,1,DataBank,IND2 Downtown Indianapolis Data Center,"650 West Henry Street, Indianapolis, IN, USA"
836,"39.762718,-104.762172",39.7627177,-104.7621716,1,365 Data Centers,CO1 Aurora Data Center,"3431 North Windsor Drive, Aurora, CO, USA"
837,"39.765649,-86.143842",39.7656489,-86.1438418,1,Cogent Communications,Indianapolis Data Center,"13 S Davidson St, Indianapolis, Indiana 46202, USA"
838,"39.77736,-104.968274",39.7773595,-104.968274,3,EvoSwitch | Iron Mountain Data Centers | Lunavi,DEN - 1 - Denver Data Center | DEN-01 Denver Data Center | DEN1 Denver Data Center,"4300 Brighton Blvd, Denver, CO, USA | 4300 Brighton Boulevard, Denver, CO, USA"
839,"39.782771,-104.89135",39.7827706,-104.8913495,1,CenterServ,Aurora Data Center,"8354 Northfield Blvd, Denver, CO, USA"
840,"39.804302,-86.102271",39.8043024,-86.1022708,1,Metrobloks,IND-A Metrobloks Data Center,"2505 N Sherman Dr, Indianapolis, Indiana, United States"
841,"39.852545,-82.996852",39.852545,-82.996852,1,Google,Lockbourne Data Center,"5076 S High St, Lockbourne, Ohio 43137, USA"
842,"39.870395,-86.236896",39.870395,-86.2368957,2,"Rack Bunker Data Centers, LLC | US Signal",Indianapolis | Indianapolis North Data Center,"6325 Morenci Trail, Indianapolis, IN, USA"
843,"39.884552,-105.080128",39.8845519,-105.0801275,1,DataBank,DEN4 Westminster Data Center,"7579 West 103rd Avenue, Westminster, CO, USA"
844,"39.892469,-75.165391",39.8924686,-75.1653913,1,TierPoint,Philadelphia Data Center,"4775 League Island Boulevard, Philadelphia, PA 19112, USA"
845,"39.910615,-86.238556",39.9106148,-86.2385556,1,Lumen,Indianapolis 3 Data Center,"4625 W 86th St, Indianapolis, IN, USA"
846,"39.914009,-105.099744",39.9140088,-105.0997441,1,American Tower,Edge Data Center Boulder,"9110 Interlocken Loop, Broomfield, CO, USA"
847,"39.950306,-75.179983",39.9503063,-75.1799827,2,Hivelocity | Quonix,Philadelphia - Locust St | Philadelphia Data Center,"2401 Locust St, Philadelphia, PA, USA | 2401 Locust Street, Philadelphia, PA, USA"
848,"39.956816,-75.196214",39.9568165,-75.1962141,1,365 Data Centers,PH2 Philadelphia Data Center,"3701 Market, Market Street, Philadelphia, PA, USA"
849,"39.959621,-75.16102",39.9596208,-75.1610205,1,11:11 Systems,Philadelphia Data Center,"401 N Broad St, Philadelphia, PA 19108, USA"
850,"39.959719,-75.161569",39.9597186,-75.1615688,2,Equinix | Lumen,PH1 Philadelphia Data Center | Philadelphia 1 Data Center,"401 North Broad Street, Philadelphia, PA, USA"
851,"39.962116,-75.164053",39.9621155,-75.1640533,1,365 Data Centers,PA1 Philadelphia Data Center,"1500 Spring Garden Street, Philadelphia, PA, USA"
852,"39.962511,-83.003222",39.9625112,-83.0032218,1,5C Data Centers,CMH01,"Columbus, OH, USA"
853,"39.963184,-86.145575",39.9631835,-86.145575,1,Expedient,Indianapolis Carmel Data Center,"701 Congressional Blvd, Carmel, IN, USA"
854,"39.965494,-105.124366",39.9654945,-105.1243663,1,Massive Networks,Englewood Data Center,"382 South Arthur Avenue, Louisville, CO, USA"
855,"40.033533,-83.186747",40.0335333,-83.1867474,1,Amazon AWS,Scioto Campus,"4120 Scioto Darby Creek Road, Hilliard, Ohio 43026, USA"
856,"40.043643,-86.511804",40.043643,-86.511804,1,Meta,Lebanon,"2258-2298 IN-32, Lebanon, IN 46052"
857,"40.045692,-82.951533",40.045692,-82.951533,1,Racksquared Data Center,Value Way Data Center,"2560 Value Way Drive, Columbus, OH, USA"
858,"40.049183,-76.251985",40.0491834,-76.2519853,1,Lumen,Lancaster 1 Data Center,"1720 Hempstead Rd, Lancaster, PA, USA"
859,"40.057853,-83.0785",40.0578531,-83.0784995,1,Expedient,Columbus - Upper Arlington Data Center,"5000 Arlington Centre Boulevard, Upper Arlington, OH, USA"
860,"40.059361,-83.134505",40.0593607,-83.1345047,1,Amazon AWS,5117 Hayden Run,"5117 Hayden Run Rd, Hilliard, OH 43026, USA"
861,"40.059796,-82.764442",40.059796,-82.764442,1,Google,Central Ohio,"1101 Beech Rd SW, New Albany, OH 43054"
862,"40.061162,-83.135228",40.0611616,-83.1352276,1,Amazon AWS,Hilliard 5109 Hayden Run,"5109 Hayden Run Rd, Hilliard, OH 43026, USA"
863,"40.061335,-82.758628",40.0613352,-82.7586278,1,Google,"New Albany, OH Data Center","1101 Beech Rd SW, New Albany, OH, USA"
864,"40.062384,-83.134144",40.0623836,-83.1341444,1,Amazon AWS,5113 Hayden Run,"5113 Hayden Run Rd, Hilliard, OH 43026, USA"
865,"40.06344,-82.754676",40.0634404,-82.7546764,1,QTS Data Centers,New Albany 1 Data Center,"1235 Beech Road Southwest, New Albany, OH, USA"
866,"40.068039,-82.750432",40.068039,-82.750432,1,Meta,New Albany,"1 Community Cir, Etna, OH 43062"
867,"40.069637,-82.750626",40.0696366,-82.7506264,1,"Meta, Inc.",New Albany Ohio Data Center,"1 Community Circle, New Albany, OH, USA"
868,"40.075515,-75.333019",40.0755149,-75.3330189,1,"DaSTOR, LLC",411 Swedeland Road Data Center,"411 Swedeland Road, King of Prussia, PA, USA"
869,"40.088051,-75.339072",40.0880512,-75.3390724,1,"DaSTOR, LLC",King of Prussia Data Center,"3400 Horizon Drive, King of Prussia, PA, USA"
870,"40.089315,-82.736901",40.0893154,-82.7369009,1,Amazon AWS,New Albany Innovation Campus Way,"Innovation Campus Way, New Albany, OH 43031, USA"
871,"40.090153,-83.199966",40.0901528,-83.1999665,1,Amazon AWS,Dublin OH,"5895 Houchard Road, Dublin, OH, USA"
872,"40.091648,-82.728907",40.0916476,-82.7289072,1,Amazon AWS,Newton Campus,"Newton Court, Johnstown, Ohio 43031, USA"
873,"40.091865,-83.143709",40.0918646,-83.1437086,1,Expedient,Columbus - Dublin Data Center,"5700 Innovation Drive, Dublin, OH, USA"
874,"40.092573,-82.730183",40.0925731,-82.7301833,1,Amazon AWS,2575 Newton Court,"2575 Newton Court, Johnstown, Ohio 43031, USA"
875,"40.09341,-82.75018",40.09341,-82.75018,1,Amazon AWS,New Albany OH,"2570 Beech Road Northwest, Johnstown, OH, USA"
876,"40.093507,-82.753857",40.0935074,-82.7538574,1,Amazon AWS,2550 Beech,"2550 Beech Rd NW, Johnstown, Ohio 43031, USA"
877,"40.094132,-82.751463",40.0941324,-82.7514626,1,Amazon AWS,2570 Beech Rd,"2570 Beech Rd NW, Johnstown, Ohio 43031, USA"
878,"40.094875,-82.748075",40.0948753,-82.7480748,1,Amazon AWS,2580 Beech Rd,"2580 Beech Rd NW, Johnstown, Ohio 43031, USA"
879,"40.097286,-82.753895",40.0972856,-82.7538954,1,Amazon AWS,New Albany Jug and Beach Road,"Beech Rd NW & Jug St Rd, Jersey Township, OH 43031, USA"
880,"40.099897,-83.199059",40.0998972,-83.1990588,1,Amazon AWS,6645 Crosby Court,"6645 Crosby Court, Dublin, Ohio 43016, USA"
881,"40.100408,-82.7537",40.1004085,-82.7537004,1,Amazon AWS,2890-2970 Beech Road,"Beech Road Northwest, Johnstown, Ohio 43031, USA"
882,"40.100677,-83.199131",40.1006772,-83.1991312,1,Amazon AWS,6655 Crosby Court,"6655 Crosby Court, Dublin, Ohio 43016, USA"
883,"40.10182,-83.199282",40.1018201,-83.1992824,1,Amazon AWS,6665 Crosby Court,"6665 Crosby Court, Dublin, Ohio 43016, USA"
884,"40.10257,-83.199398",40.10257,-83.1993985,1,Amazon AWS,6675 Crosby Court,"6675 Crosby Court, Dublin, Ohio 43016, USA"
885,"40.106074,-82.815775",40.106074,-82.815775,1,Edged,Edged Columbus Data Center,"6525 New Albany Road East, New Albany, OH, USA"
886,"40.115757,-83.002401",40.1157571,-83.0024012,1,Cologix,COL2 Columbus Data Center,"555 Scherers Court, Columbus, OH, USA"
887,"40.115757,-83.002414",40.115757,-83.002414,2,Cologix | Dedicated Solutions,COL1 Columbus Data Center | Columbus Ohio Data Center,"535 Scherers Court, Columbus, OH, USA | 535 Scherers Ct, Columbus, OH, USA"
888,"40.115837,-83.002122",40.1158366,-83.002122,1,Cologix,COL3 Columbus Data Center,"585 Scherers Court, Columbus, OH, USA"
889,"40.11821,-83.000633",40.1182103,-83.0006327,1,Cologix,COL4 Columbus Data Center,"7500 Alta View Boulevard, Columbus, OH, USA"
890,"40.121186,-83.199772",40.1211861,-83.1997715,1,Amazon AWS,Warner Campus,"8567 Warner Road, Plain City, Ohio 43064, USA"
891,"40.123775,-82.945702",40.1237752,-82.9457025,1,WeConnect Data Center,Westerville Data Center,"35 Collegeview Road, Westerville, OH, USA"
892,"40.136543,-83.211781",40.1365431,-83.211781,1,Amazon AWS,Industrial Parkway Campus,"8619 Industrial Parkway, Plain City, Ohio 43064, USA"
893,"40.146958,-75.311258",40.1469578,-75.311258,1,TierPoint,Valley Forge Data Center,"1000 Adams Avenue, Norristown, PA, USA"
894,"40.15348,-74.742627",40.1534799,-74.742627,1,Keystone Nap,Keystone NAP,"150 Roebling Rd, Fairless Hills, PA, USA"
895,"40.168866,-83.010798",40.1688659,-83.0107977,1,Centersquare,CMH1 (Columbus) Lewis Center Data Center Campus,"8180 Green Meadows Dr, Lewis Center, OH, USA"
896,"40.215655,-74.752143",40.2156551,-74.7521431,1,Latitude.sh,New York,"60 Hudson St rm 1215, Trenton, NJ, USA"
897,"40.265694,-112.015034",40.2656944,-112.0150341,1,"Meta, Inc.",Eagle Mountain Utah Data Center,"1275 N Community Cir, Eagle Mountain, Utah, USA"
898,"40.265719,-112.015077",40.265719,-112.015077,1,Meta,Eagle Mountain,"1275 N Community Cir, Eagle Mountain, Utah, USA"
899,"40.276127,-111.675457",40.2761272,-111.6754567,1,Fibernet,ORM1 Data Center,"1145 South 800 East, Orem, UT 84097, USA"
900,"40.276295,-74.547948",40.2762946,-74.5479482,1,QTS Data Centers,"East Windsor, NJ Data Center","159 Princeton Hightstown Road, East Windsor, New Jersey 08520, USA"
901,"40.278383,-81.864875",40.2783827,-81.8648747,1,CBRE,Central Ohio Powered Land,"500 N 4th St, Coshocton, OH 43812, USA"
902,"40.326235,-111.681642",40.326235,-111.681642,1,"Voonami, LLC",SLC1 510 Technology Ave Data Center,"510 Technology Ave, Orem, UT, USA"
903,"40.33247,-111.728196",40.3324697,-111.7281965,1,Flexential,Salt Lake City - Lindon Data Center,"333 South 520 West #150, Lindon, UT 84042, USA"
904,"40.38064,-75.981087",40.3806403,-75.9810869,1,Direct LTx,Reading PA Data Center,"2561 Bernville Road, Reading, PA, USA"
905,"40.38132,-75.982025",40.3813197,-75.9820247,1,"DaSTOR, LLC",Reading Data Center,"2561 Bernville Road, Reading, PA 19605, USA"
906,"40.393642,-86.865151",40.3936421,-86.8651512,1,Windstream,"Lafayette, IN Data Center","2304 Brothers Drive, Lafayette, IN, USA"
907,"40.425576,-79.970743",40.4255755,-79.9707429,1,Lumen,Pittsburgh 1 Data Center,"143 South 25th Street, Pittsburgh, PA, USA"
908,"40.42735,-80.042457",40.4273503,-80.0424572,1,Expedient,Pittsburgh - Green Tree Data Center,"810 Parish Street, Pittsburgh, PA, USA"
909,"40.430124,-79.959702",40.4301236,-79.9597015,1,Lumen,Pittsurgh 2 Data Center,"200 Technology Drive, Pittsburgh, PA, USA"
910,"40.434056,-79.872869",40.4340563,-79.8728691,1,iM Critical,Pittsburgh Data Center,"900 Brinton Road, Wilkinsburg, PA 15221, USA"
911,"40.438326,-79.999077",40.4383265,-79.9990769,1,CenterServ,Pittsburgh Data Center,"One Oxford Centre, Grant Street, Pittsburgh, PA, USA"
912,"40.448229,-80.017861",40.4482287,-80.0178607,1,DataBank,2500 Allegheny Center Mall Data Center,"2500 Allegheny Avenue, Pittsburgh, Pennsylvania 15212, USA"
913,"40.449961,-80.005278",40.449961,-80.0052779,1,MOD Mission Critical,Data Bank Data Centers,"100 South Commons, Pittsburgh, PA, USA"
914,"40.451321,-80.190035",40.4513211,-80.1900347,1,DataBank,PIT2 - Summit Park Data Center,"35 Summit Park Drive, Pittsburgh, PA, USA"
915,"40.45155,-80.004662",40.4515505,-80.0046619,2,365 Data Centers | Expedient,PA2 Pittsburgh Data Center | Pittsburgh North Shore Data Center,"100 South Commons suite 001, Pittsburgh, PA 15212, USA | 100 South Commons suite 126, Pittsburgh, PA, USA"
916,"40.451655,-79.980922",40.4516548,-79.9809222,1,H5 Data Centers,Pittsburgh Data Center,"2202 Liberty Avenue, Pittsburgh, PA, USA"
917,"40.452317,-80.041727",40.4523171,-80.0417267,1,EdgeConnex,PIT01 Pittsburgh Data Center,"282 Corliss Street, Pittsburgh, PA 15220, USA"
918,"40.459563,-79.969377",40.4595629,-79.9693766,1,Cogent Communications,Pittsburgh Data Center,"3126 Liberty Ave, Pittsburgh, Pennsylvania 15201, USA"
919,"40.47989,-111.905786",40.47989,-111.9057858,1,DataBank,DataBank SLC5 Data Center,"14926 Pony Express Road, Bluffdale, UT 84065, USA"
920,"40.479891,-111.905781",40.4798908,-111.9057813,1,DataBank,DataBank SLC3 Data Center,"14926 Pony Express Rd, Bluffdale, Salt Lake, UT, USA"
921,"40.480032,-111.904533",40.480032,-111.904533,1,DataBank,Data Bank SLC2 Data Center,"14944 Pony Express Rd, Bluffdale, Salt Lake, UT, USA"
922,"40.481315,-111.90496",40.481315,-111.90496,1,DataBank,SLC4 Granite Point Data Center,"14860 Pony Express Road, Riverton, UT, USA"
923,"40.481396,-111.903902",40.4813963,-111.903902,1,DataBank,SLC5 Granite Point Data Center,"Sl Co, 14850 Pony Express Rd, Bluffdale, UT 84065, USA"
924,"40.496039,-79.866546",40.496039,-79.8665459,1,Ascent Data,90 Beta Drive - Pittsburgh Data Center,"90 Beta Drive, Pittsburgh, PA, USA"
925,"40.511445,-111.887717",40.5114453,-111.8877168,1,Fiberstate,FiberState SLC1,"106 East 13200 South, Draper, UT 84020, USA"
926,"40.521083,-74.347384",40.5210834,-74.3473835,1,Iron Mountain Data Centers,NJE - 1 - New Jersey Data Center,"3003 Woodbridge Avenue, Edison, NJ, USA"
927,"40.538224,-74.546019",40.5382241,-74.5460186,1,CyrusOne,NYM1 Somerset Data Center,"800 Cottontail Lane, Somerset, NJ, USA"
928,"40.540766,-74.536945",40.540766,-74.536945,1,Rackspace,NYC1 New York Metro Data Center,"125 Belmont Drive, Somerset, NJ, USA"
929,"40.544235,-75.655718",40.5442354,-75.6557184,1,TierPoint,Allentown - TekPark Data Center,"9999 Hamilton Boulevard, Breinigsville, PA, USA"
930,"40.544898,-74.537972",40.5448977,-74.5379715,1,Rackspace,NYC2 New York Metro Data Center,"202-216 Campus Drive, Franklin Township, NJ, USA"
931,"40.544949,-74.495331",40.5449487,-74.4953311,1,Digital Fortress,New Jersey Data Center - (PNJ),"201 Centennial Avenue, Piscataway, NJ, USA"
932,"40.545258,-79.647255",40.545258,-79.6472549,1,TECfusions,"New Kensington, PA Data Center","100 Technical Drive, New Kensington, PA, USA"
933,"40.549247,-74.458241",40.5492472,-74.4582413,1,DataBank,EWR2 - Piscataway Data Center,"25 Corporate Place South, Piscataway, NJ, USA"
934,"40.552681,-74.459524",40.5526814,-74.4595236,1,Digital Realty,New York EWR12 Data Center,"365 South Randolphville Road, Piscataway, NJ, USA"
935,"40.553774,-74.45717",40.5537735,-74.4571703,1,Centersquare,EWR3 Piscataway Data Center Campus,"3 Corporate Place, Piscataway, NJ, USA"
936,"40.554537,-74.4569",40.5545366,-74.4568998,1,Digital Realty,New York EWR11 Data Center,"3 Corporate Place, Piscataway Township, NJ, USA"
937,"40.556905,-74.484735",40.5569046,-74.4847346,1,QTS Data Centers,Piscataway Data Center,"101 Possumtown Road, Piscataway Township, New Jersey 08854, USA"
938,"40.557342,-74.484434",40.5573417,-74.484434,1,24Shells Inc,EWR Data Center,"101 Possumtown Road, Piscataway, NJ, USA"
939,"40.567818,-89.639421",40.5678175,-89.6394206,1,OneSource Cloud Corporation,Zhongjingyun Data Center,"15 North 9th Street, Pekin, IL, USA"
940,"40.576789,-112.045486",40.5767894,-112.0454857,1,NOVVA,Utah Data Center,"Novva Data Centers, 6477 Wells Park Road, West Jordan, Utah 84081, USA"
941,"40.58144,-74.573881",40.5814398,-74.5738806,1,365 Data Centers,NJ1 Bridgewater New Jersey Data Center,"999 Frontier Road, Bridgewater, NJ, USA"
942,"40.584328,-74.243421",40.5843283,-74.2434213,1,Equinix,NY11 Carteret Data Center,"1400 Federal Boulevard, Carteret, NJ, USA"
943,"40.586855,-111.97014",40.5868546,-111.9701399,1,Aligned Data Centers,SLC-01 Salt Lake City,"3333 West 9000 South, West Jordan, UT, USA"
944,"40.606872,-74.174759",40.606872,-74.174759,2,Hivelocity | Telehouse,NYC1 New York City Data Center | New York Teleport Data Center,"7 Teleport Drive, Staten Island, NY, USA"
945,"40.620154,-111.985903",40.6201545,-111.9859027,1,Flexential,Salt Lake City - South Valley Data Center,"7202 S Campus View Dr, West Jordan, UT 84084, USA"
946,"40.657808,-74.004881",40.6578084,-74.0048806,1,DataVerge,Brooklyn Data Center,"882 3rd Avenue, Brooklyn, NY, USA"
947,"40.670351,-75.374938",40.6703514,-75.3749382,1,TierPoint,Bethlehem Data Center,"3864 Courtney Street ste 130, Bethlehem, PA 18017, USA"
948,"40.674924,-75.37812",40.6749241,-75.3781195,1,TierPoint,Lehigh Valley Data Center,"3949 Schelden Circle, Bethlehem, PA, USA"
949,"40.717137,-111.885488",40.717137,-111.8854876,1,Flexential,Salt Lake City - Millcreek Data Center,"3949 South 200 East suite b1, Salt Lake City, UT 84115, USA"
950,"40.720792,-111.985021",40.7207922,-111.9850211,1,EdgeConnex,SLC01 Salt Lake City Data Center,"2302 South Presidents Drive, West Valley City, UT, USA"
951,"40.736314,-84.163376",40.7363142,-84.163376,1,Watch Communications,Ohio Data Center,"3225 West Elm Street, Lima, OH 45805, USA"
952,"40.736844,-74.173402",40.7368442,-74.1734023,1,Equinix,NY1 Newark Data Center,"165 Halsey Street, Newark, NJ, USA"
953,"40.740957,-74.002119",40.7409573,-74.0021187,1,Digital Realty,New York JFK10 Data Center,"111 8th Avenue, New York, NY, USA"
954,"40.741469,-74.003387",40.7414688,-74.0033873,1,Equinix,NY9 New York Data Center,"111 8th Avenue, New York, NY, USA"
955,"40.743599,-89.578205",40.743599,-89.5782052,1,Pearl Technology,Pearl Technology Data Center,"1003 E Toledo Ave, Peoria Heights, IL 61616, USA"
956,"40.751428,-74.006537",40.7514278,-74.0065369,1,Lumen,New York 7 Data Center,"601 West 26th Street, New York, NY, USA"
957,"40.751759,-79.637934",40.7517594,-79.6379337,1,ark data centers,Pittsburgh Data Center,"161 Armstrong Drive, Freeport, PA, USA"
958,"40.756301,-111.95421",40.7563009,-111.9542098,1,Lumen,Salt Lake City 1 Data Center,"572 South Delong Street, Salt Lake City, UT, USA"
959,"40.756313,-111.954777",40.756313,-111.9547767,1,Flexential,Salt Lake City - Downtown Data Center,"572 Delong St suite 100, Salt Lake City, UT 84104, USA"
960,"40.758875,-111.978379",40.7588754,-111.9783786,1,Lumen,Salt Lake City 3 Data Center,"3670 West 500 South, Salt Lake City, UT, USA"
961,"40.761484,-74.02533",40.761484,-74.0253302,1,Centersquare,EWR2 Weehawken Data Center Campus,"300 J F Kennedy Boulevard East, Weehawken, NJ, USA"
962,"40.761952,-74.025582",40.761952,-74.025582,1,Lumen,Weehawken 1 Data Center,"300 Boulevard East, Weehawken, NJ, USA"
963,"40.766763,-111.920098",40.766763,-111.9200981,1,Flexential,Salt Lake City - Fair Park Data Center,"118 South 1000 West, Salt Lake City, UT 84104, USA"
964,"40.768514,-111.88583",40.7685136,-111.8858299,3,CyberNest | DataBank | Limestone Networks,CyberNest Salt Lake | DataBank SLC1 Data Center | SLC1 SLC Data Center,"179 Social Hall Avenue, Salt Lake City, UT 84111, USA | 179 Social Hall Avenue, Salt Lake City, UT, USA"
965,"40.777261,-74.069559",40.7772608,-74.0695593,1,Equinix,NY4 Secaucus Data Center,"755 Secaucus Road, Secaucus, NJ, USA"
966,"40.777532,-74.072788",40.7775316,-74.072788,1,Equinix,NY6 Secaucus Data Center,"105 Enterprise Avenue South, Secaucus, NJ, USA"
967,"40.777818,-74.075909",40.7778177,-74.0759086,1,Equinix,NY2 Secaucus Data Center,"275 Hartz Way, Secaucus, NJ, USA"
968,"40.778534,-74.072237",40.7785344,-74.0722373,1,Equinix,NY5 Secaucus Data Center,"800 Secaucus Road, Secaucus, NJ, USA"
969,"40.78079,-112.011215",40.7807901,-112.0112149,1,Lumen,Salt Lake City 2 Data Center,"5035 Harold Gatty Drive, Salt Lake City, UT, USA"
970,"40.783392,-74.064688",40.7833916,-74.064688,1,CoreSite,NY2 New Jersey Secaucus Data Center,"2 Emerson Lane, Secaucus, NJ, USA"
971,"40.78616,-74.06912",40.7861601,-74.0691201,1,Centersquare,Secaucus (NYC3) Data Center,"15 Enterprise Avenue North, Secaucus, NJ, USA"
972,"40.787496,-74.068135",40.7874965,-74.0681349,1,INAP,New Jersey 1 Data Center,"1 Enterprise Avenue North, Secaucus, NJ, USA"
973,"40.796857,-74.031129",40.7968566,-74.0311293,1,Equinix,NY7 North Bergen Data Center,"5851 West Side Avenue, North Bergen, NJ, USA"
974,"40.811617,-96.700276",40.8116173,-96.7002763,1,Windstream,"Lincoln, NE Data Center","1440 M Street, Lincoln, NE, USA"
975,"40.812702,-96.70235",40.8127018,-96.7023498,1,Binary Net,Lincoln Data Center,"134 South 13th Street, Lincoln, NE, USA"
976,"40.819386,-96.75418",40.819386,-96.75418,1,Google,Lincoln,"I-80 & US-77, Lincoln, NE"
977,"40.822677,-73.291647",40.8226772,-73.2916469,1,365 Data Centers,LI1 Commack Data Center,"500 Commack Road, Commack, NY, USA"
978,"40.82801,-74.043678",40.8280099,-74.0436776,1,11:11 Systems,Carlstadt Data Center,"777 Central Blvd, Carlstadt, NJ 07072, USA"
979,"40.829137,-74.04929",40.8291372,-74.0492901,1,365 Data Centers,NJ3 Carlstadt Data Center,"410 Commerce Boulevard, Carlstadt, NJ, USA"
980,"40.829947,-74.126657",40.8299467,-74.126657,1,Digital Realty,New York EWR20 Data Center,"100 Delawanna Avenue, Clifton, NJ, USA"
981,"40.830566,-74.124526",40.830566,-74.124526,1,Digital Realty,New York EWR21 Data Center,"2 Peekay Drive, Clifton, NJ, USA"
982,"40.832058,-74.448679",40.832058,-74.448679,1,Cologix,NNJ2 New Jersey Data Center,"9 Wing Drive, Cedar Knolls, NJ, USA"
983,"40.832533,-81.43195",40.8325327,-81.4319504,1,ark data centers,Canton Data Center,"4726 Hills and Dales Rd NW, Canton, OH 44708, USA"
984,"40.857084,-74.418907",40.857084,-74.418907,1,Cologix,NNJ3 New Jersey Data Center,"200 Webro Road, Parsippany, NJ, USA"
985,"40.882844,-74.050288",40.882844,-74.0502881,1,Whitelabel IT Solutions,150 Atlantic Street Data Center,"159 Atlantic Street, Hackensack, NJ, USA"
986,"40.907223,-74.242418",40.907223,-74.2424179,1,CyrusOne,NYM2 Totowa Data Center,"50 Madison Road, Totowa, NJ, USA"
987,"41.023328,-85.033739",41.0233277,-85.0337392,1,Google,Fort Wayne Campus,"Fort Wayne, Indiana 46816, USA"
988,"41.033241,-85.048474",41.033241,-85.048474,1,Google,Indiana,"6015 Adams Center Rd Fort Wayne, IN 46816"
989,"41.033411,-73.9708",41.0334109,-73.9707996,1,1547 Critical Systems Realty,ORNY1 Orangeburg Data Center,"1 Ramland Road South, Orangeburg, NY, USA"
990,"41.036379,-73.987701",41.0363789,-73.987701,1,Sentinel Data Centers,NY-1 Data Center,"155 Corporate Drive, Orangeburg, NY, USA"
991,"41.040132,-73.989899",41.0401325,-73.9898993,1,DataBank,LGA3 - Orangeburg Data Center,"2000 Corporate Drive, Orangeburg, NY, USA"
992,"41.057108,-81.522183",41.0571083,-81.5221829,1,ark data centers,Akron Data Center,"191 East Miller Avenue, Akron, OH, USA"
993,"41.069257,-81.49114",41.0692573,-81.4911403,1,Lumen,Akron 2 Data Center,"110 South Arlington Street, Akron, OH, USA"
994,"41.070985,-73.819753",41.0709847,-73.8197533,1,Equinix,NY13 Elmsford Data Center,"401 Fieldcrest Drive, Elmsford, NY, USA"
995,"41.072295,-81.525069",41.0722954,-81.5250688,1,Lumen,Akron 1 Data Center,"520 South Main Street, Akron, OH, EE. UU."
996,"41.083265,-96.138375",41.0832649,-96.1383748,1,"Meta, Inc.",Sarpy Nebraska Data Center,"S 144th St, Springfield, NE, USA"
997,"41.083826,-76.143478",41.0838262,-76.1434785,1,Amazon AWS,1125 Electron Ave,"1125 Electron Ave, Berwick, Pennsylvania 18603, USA"
998,"41.087427,-81.513895",41.087427,-81.513895,1,Cogent Communications,Akron Data Center,"120 N Broadway St, Akron, Ohio 44304, USA"
999,"41.088241,-73.815348",41.0882411,-73.8153475,2,Colocation America | TierPoint,NYDC3 - New York Data Center | New York - 11 Skyline -  Hawthorne Data Center,"11 Skyline Dr, Hawthorne, NY, USA | 11 Skyline Drive, Hawthorne, NY, USA"
1000,"41.090937,-104.813296",41.090937,-104.813296,1,Meta,Cheyenne,"1800 High Plns Rd High Plains Business Park 82007 South GreeleyWyoming, USA"
1001,"41.092096,-79.912188",41.092096,-79.912188,1,Iron Mountain Data Centers,WPA - 1 - W. Pennsylvania & Pittsburgh Data Center,"1137 Branchton Road, Boyers, PA, USA"
1002,"41.111571,-73.391548",41.1115712,-73.3915479,1,CyrusOne,NYM5 Norwalk Data Center,"6 Norden Place, Norwalk, CT, USA"
1003,"41.123753,-96.134499",41.123753,-96.134499,1,Meta,Sarpy,"S 144th St, Springfield, NE, USA"
1004,"41.123796,-104.896036",41.1237962,-104.896036,1,Microsoft Azure,West Central US-Wyoming,"644 Logistics Dr, Cheyenne, WY 82009, USA"
1005,"41.127922,-104.811619",41.1279221,-104.8116193,1,"Meta, Inc.",Cheyenne,"114 West 10th Street, Cheyenne, WY, USA"
1006,"41.129714,-104.741612",41.1297135,-104.7416118,2,1547 Critical Systems Realty | Lunavi,CHWY1 Cheyenne Data Center | Cheyenne Data Center,"340 Progress Circle, Cheyenne, WY, USA | 340 Progress Circle, Cheyenne, Wyoming, USA"
1007,"41.133292,-96.144178",41.1332915,-96.144178,1,Google,"Papillion, NE Data Center","14706 Schram Road, Papillion, NE 68138, USA"
1008,"41.134508,-96.039042",41.1345084,-96.0390425,1,TierPoint,Omaha - Midlands Data Center,"11425 South 84th Street, Papillion, NE 68046, USA"
1009,"41.134905,-96.144035",41.134905,-96.144035,1,Google,Papillion,14651-15249 Gold Coast Rd 68138 Papillion
1010,"41.159806,-96.025656",41.1598065,-96.0256565,2,LightEdge | MOD Mission Critical,OM1 - Lightedge Omaha NE Data Center PoP | Omaha Data Center,"1148 American Parkway, Papillion, NE 68046, USA | 1148 American Parkway, Papillion, NE, USA"
1011,"41.175595,-95.802803",41.1755951,-95.8028031,1,Google,Southlands Campus,"10420 Bunge Ave, Council Bluffs, Iowa 51503, USA"
1012,"41.179166,-73.754573",41.1791664,-73.7545733,1,Evocative,New York Data Center (JFK2),"480 N Bedford Rd, Chappaqua, NY 10514, USA"
1013,"41.180701,-96.084974",41.180701,-96.084974,1,H5 Data Centers,Omaha Data Center,"10917 Harry Watanabe Pkwy, La Vista, NE, USA"
1014,"41.185484,-95.936059",41.1854839,-95.9360587,1,Lumen,Bellevue 1 Data Center,"1514 Chandler Road, Bellevue, NE, USA"
1015,"41.212348,-95.879287",41.2123485,-95.8792872,1,CyrusOne,OCB1 Omaha-Council Bluffs IA,"4700 Gifford Road, Council Bluffs, IA, USA"
1016,"41.220354,-95.864237",41.2203545,-95.8642369,1,Google,"Council Bluffs, IA Data Center","1430 Veterans Memorial Hwy, Council Bluffs, IA 51501, USA"
1017,"41.221523,-95.863755",41.221523,-95.863755,1,Google,Council Bluffs,"1430 Veterans Memorial Hwy, Council Bluffs"
1018,"41.238505,-111.991839",41.2385054,-111.9918392,1,Lumen,Ogden 1 Data Center,"526 West 17th Street, Ogden, UT, USA"
1019,"41.242999,-96.018216",41.2429994,-96.018216,1,Megaport,Scott Data Center,"6825 Pine Street, Omaha, NE, USA"
1020,"41.252059,-95.92541",41.2520591,-95.9254102,1,Cogent Communications,Omaha Data Center,"810 S 7th St, Omaha, Nebraska 68108, USA"
1021,"41.254937,-95.939422",41.2549366,-95.9394216,1,Windstream,"Omaha NE, Data Center","1721 St Marys Ave, Omaha, NE, USA"
1022,"41.257123,-95.93269",41.2571234,-95.9326905,1,CenterServ,Omaha Data Center,"1299 Farnam Street, Omaha, NE, USA"
1023,"41.261394,-95.936513",41.261394,-95.9365128,1,First National Technology Solutions (FNTS),Omaha Data Center,"201 N 16th St, Omaha, NE 68197, USA"
1024,"41.299201,-72.751739",41.2992011,-72.7517386,1,Cloudsmart,1 Branford Data Center,"4 Pin Oak Drive, Branford, CT, USA"
1025,"41.337574,-96.085895",41.337574,-96.085895,1,Google,Omaha,"11110 State St, Omaha, NE 68142"
1026,"41.338241,-96.027598",41.3382411,-96.0275979,1,CBRE,7400 World Communications Dr Data Center,"7400 World Communications Drive, Omaha, NE, USA"
1027,"41.361166,-81.632573",41.3611658,-81.6325728,1,ark data centers,Cleveland Data Center,"7300 E Pleasant Valley Rd, Independence, OH 44131, USA"
1028,"41.368936,-73.492463",41.368936,-73.4924629,1,INAP,Danbury Data Center,"70 Backus Avenue, Danbury, CT, USA"
1029,"41.375515,-73.486165",41.3755148,-73.4861648,1,INAP,Connecticut Danbury Data Center,"60 Backus Avenue, Danbury, CT, USA"
1030,"41.419206,-73.401375",41.4192058,-73.4013748,1,INAP,Connecticut Data Center,"6 Berkshire Blvd, Bethel, CT, USA"
1031,"41.428009,-81.573971",41.428009,-81.573971,1,Expedient,Cleveland - 151 NEO Data Center,"15166 Neo Parkway, Cleveland, OH, USA"
1032,"41.429415,-81.574072",41.429415,-81.5740716,1,Expedient,Cleveland - 152 NEO Data Center,"15248 Neo Parkway, Cleveland, OH, USA"
1033,"41.440122,-81.80254",41.4401218,-81.8025405,1,T5 Data Centers,@Cleveland Data Center,"4150 West 150th Street, Cleveland, OH, USA"
1034,"41.467,-83.640029",41.467,-83.640029,1,Meta,Bowling Green,"12560 Middleton Pike, Bowling Green, OH 43402"
1035,"41.484768,-81.674771",41.4847683,-81.6747708,1,Cogent Communications,Cleveland 2 Data Center,"2650 Rockefeller Ave, Cleveland, Ohio 44115, USA"
1036,"41.496863,-93.788664",41.4968628,-93.7886638,1,Microsoft Azure,Cumming - USA,"5855 SW Kerry St, Cumming, Iowa 50061, USA"
1037,"41.49783,-81.69377",41.4978305,-81.6937702,1,Windstream,"Cleveland, OH Data Center","200 W Prospect Ave, Cleveland, Ohio 44115, USA"
1038,"41.500241,-81.684101",41.5002408,-81.6841007,1,Lumen,Cleveland 2 Data Center,"1228 Euclid Avenue, Cleveland, OH, USA"
1039,"41.500806,-81.683699",41.5008061,-81.6836986,1,DataBank,DataBank CLE1 Data Center,"1255 Euclid Avenue, Cleveland, OH, USA"
1040,"41.50129,-81.689546",41.5012901,-81.6895459,1,CenterServ,Cleveland Data Center,"600 Superior Avenue, Cleveland, OH, USA"
1041,"41.501435,-81.680412",41.5014349,-81.6804121,1,Cogent Communications,Cleveland 1 Data Center,"1621 Euclid Avenue, Cleveland, OH, USA"
1042,"41.505082,-81.657867",41.5050823,-81.6578667,1,Lumen,Cleveland 6 Data Center,"4000 Chester Avenue, Cleveland, OH, USA"
1043,"41.506686,-81.683029",41.506686,-81.6830287,1,"Handy Networks, LLC",Cleveland Data Center,"1625 Rockwell Ave, Cleveland, Ohio, USA"
1044,"41.5067,-81.68305",41.5067004,-81.6830495,1,H5 Data Centers,Cleveland Data Center,"1625 Rockwell Avenue, Cleveland, OH, USA"
1045,"41.510396,-93.925549",41.5103956,-93.9255493,1,CBRE,365 St and Seneca Ave Data Center,"365th St, Van Meter, IA 50261, United States"
1046,"41.516051,-93.708847",41.5160509,-93.7088467,1,Microsoft Azure,Des Moines Data Center,"550 White Crane Rd, West Des Moines, IA 50265, USA"
1047,"41.516525,-93.724629",41.5165246,-93.7246289,1,Microsoft Azure,Project Ginger East,"1475 SE Maffitt Lake Ct, West Des Moines, Iowa 50265, USA"
1048,"41.523644,-90.577637",41.5236437,-90.5776367,1,DC Mining,"Davenport, IA","Davenport, IA, USA"
1049,"41.535031,-93.865302",41.5350307,-93.8653015,1,Microsoft Azure,Project Ginger West,"11100 Booneville Rd, West Des Moines, Iowa 50266, USA"
1050,"41.550323,-90.482459",41.5503227,-90.4824588,1,Bluebird Data Centers,Bluebird Quad Cities Data Center,"2701 Devils Glen Road, Bettendorf, IA, USA"
1051,"41.554434,-73.04122",41.5544339,-73.0412195,1,Colocation America,HartfordDC1 Data Center,"108 Bank St, Waterbury, CT, USA"
1052,"41.558071,-93.527667",41.5580713,-93.5276669,1,Lumen,Des Moines 1 Data Center,"4550 Carlisle Road, Pleasant Hill, IA, USA"
1053,"41.585529,-93.625422",41.5855286,-93.6254222,1,Cologix,DSM1 Des Moines Data Center,"666 Walnut Street, Des Moines, Iowa, USA"
1054,"41.594266,-87.611271",41.5942664,-87.6112711,1,Lumen,South Holland 1 Data Center,"200 East 166th Street, South Holland, IL, USA"
1055,"41.599148,-73.882151",41.5991484,-73.8821513,2,China Telecom | CyrusOne,CyrusOne  Wappingers Falls Data Center | NYM7 Wappingers Falls Data Center,"155 Myers Corners Rd, Wappingers Falls, NY 12590, USA | 155 Myers Corners Rd, Wappingers Falls, NY, USA"
1056,"41.62028,-93.927008",41.6202799,-93.9270085,1,Apple Inc.,Waukee IA Data Center,"2995 W Hickman Rd, Waukee, IA, USA"
1057,"41.624313,-83.656038",41.6243126,-83.6560384,1,Telesystem,DC-1 Ohio Data Center,"4818 Angola Road, Toledo, OH, USA"
1058,"41.662687,-86.254684",41.662687,-86.254684,1,Lumen,South Bend 1 Data Center,"1140 Franklin Street, South Bend, IN, USA"
1059,"41.663264,-93.510077",41.6632643,-93.5100769,1,"Meta, Inc.",Altoona Iowa Data Center,"100 Share Way Northwest, Altoona, IA, USA"
1060,"41.666762,-93.455725",41.666762,-93.455725,1,LightEdge,Des Moines II Data Center,"1401 Northridge Circle, Altoona, IA 50009, USA"
1061,"41.66739,-93.51241",41.66739,-93.51241,1,Meta,Altoona,"100 Share Way Northwest, Altoona, IA, USA"
1062,"41.669019,-87.725612",41.6690189,-87.7256117,1,DC Mining,Alsip IL,"12300 South Keeler Avenue, Alsip, IL, USA"
1063,"41.669349,-86.25596",41.6693489,-86.2559603,1,US Signal,South Bend Data Center,"506 West South Street, South Bend, IN, USA"
1064,"41.713482,-86.842735",41.713482,-86.842735,1,Google,Michigan City,Google 402 Royal Rd 46360 Michigan City 
1065,"41.745091,-72.665146",41.7450913,-72.6651461,1,Lumen,Hartford 1 Data Center,"155 Locust Street, Hartford, CT, USA"
1066,"41.772203,-88.217055",41.7722028,-88.2170549,2,ByteGrid | DataBridge Sites,Aurora Data Center | Aurora/Chicago Data Center,"4267 Meridian Parkway, Aurora, IL, USA | 4267 Meridian Parkway, Aurora, Illinois, USA"
1067,"41.794684,-87.623955",41.7946843,-87.6239554,1,1547 Critical Systems Realty,CHIL1 MTC Data Center,"40 E Garfield Blvd, Chicago, IL, USA"
1068,"41.796682,-88.242772",41.7966824,-88.2427717,1,CyrusOne,CHI1 Chicago Aurora Data Center,"2905 Diehl Road, Aurora, IL, USA"
1069,"41.796912,-88.245166",41.796912,-88.245166,1,CyrusOne,CHI2 Chicago Aurora Data Center,"2805 Diehl Rd, Aurora, IL, USA"
1070,"41.802407,-88.094656",41.802407,-88.0946556,1,Centersquare,Chicago (CH1-Lisle) Data Center,"4513 Western Ave, Lisle, Illinois, USA"
1071,"41.80799,-88.241996",41.8079896,-88.2419959,1,Edged,Edged Chicago Data Center,"2835 Bilter Road, Aurora, IL 60502, USA"
1072,"41.817467,-71.427745",41.8174667,-71.4277449,1,Prov.net/IronTrust Networks,Providence 2,"1155 Westminster Street, Providence, RI, USA"
1073,"41.841894,-87.667923",41.8418945,-87.6679234,1,QTS Data Centers,Chicago Data Center,"2800 South Ashland Avenue, Chicago, Illinois 60608, USA"
1074,"41.845343,-87.941522",41.8453428,-87.9415223,1,NYI,Chicago Oak Brook Data Center,"800 Jorie Boulevard, Oak Brook, IL, USA"
1075,"41.846241,-87.939684",41.8462411,-87.9396842,1,US Signal,Oak Brook Data Center,"810 Jorie Blvd, Oak Brook, IL, USA"
1076,"41.853678,-87.618353",41.853678,-87.6183534,1,Hivelocity,Chicago Cermak Data Center,"350 East Cermak Road, Chicago, IL, USA"
1077,"41.853701,-87.618252",41.8537006,-87.6182523,2,Digital Realty | Equinix,CH1 Chicago Data Center | Chicago ORD10 Data Center,"350 East Cermak Road, Chicago, IL, USA"
1078,"41.854051,-87.920916",41.854051,-87.9209165,1,DataBank,ORD4 Chicago Tri-State Data Center,"1808 Swift Drive, Oak Brook, IL, USA"
1079,"41.86255,-87.640966",41.8625501,-87.6409664,1,CoreSite,CH2 Chicago Data Center,"1432 South Clinton Street, Chicago, IL, USA"
1080,"41.862888,-87.641113",41.8628883,-87.6411132,1,FDCservers.net,CH2 CoreSite,"CoreSite Chicago Data Center (CH2), South Clinton Street, Chicago, IL, USA"
1081,"41.872586,-87.633252",41.8725857,-87.6332523,1,Hivelocity,725 S. Wells St. Data Center,"725 South Wells Street, Chicago, IL, USA"
1082,"41.872911,-87.63327",41.872911,-87.63327,1,Netrality Data Centers,717 South Wells Chicago Data Center,"717 South Wells Street, Chicago, IL, USA"
1083,"41.874224,-87.629937",41.8742242,-87.629937,1,Digital Realty,Chicago ORD011 Data Center,"600 South Federal Street, Chicago, IL, USA"
1084,"41.875794,-88.249008",41.8757937,-88.2490084,1,SBA Edge,Chicago Data Center,"603 Discovery Drive, West Chicago, IL, USA"
1085,"41.876212,-87.631453",41.8762116,-87.6314534,1,Cogent Communications,Chicago LaSalle Data Center,"427 South LaSalle Street, Chicago, IL, USA"
1086,"41.878114,-87.629798",41.8781136,-87.6297982,2,Oracle | Vultr,Chicago | US DoD North us-gov-chicago-1,"Chicago, IL, USA"
1087,"41.890921,-88.732585",41.890921,-88.732585,1,Meta,DeKalb,"1510 E Gurler Rd, DeKalb, IL 60115"
1088,"41.891206,-88.733546",41.8912061,-88.7335457,1,"Meta, Inc.",DeKalb Data Center,"1510 E Gurler Rd, DeKalb, Illinois 60115, USA"
1089,"41.898835,-87.644438",41.898835,-87.644438,1,Lumen,Chicago 2 Data Center,"900 North Kingsbury Street, Chicago, IL, USA"
1090,"41.905736,-91.715249",41.905736,-91.715249,1,QTS Data Centers,Cedar Rapids I Data Center,"Edgewood Rd SW & 76th Ave SW, Cedar Rapids, Iowa 52404, USA"
1091,"41.905912,-91.715249",41.905912,-91.715249,1,Google,Cedar Rapids,"Edgewood Rd SW & 76th Ave SW, Cedar Rapids"
1092,"41.912685,-87.917228",41.9126852,-87.9172276,1,Aligned Data Centers,ORD-02 Chicago,"501 Northwest Avenue, Northlake, IL, USA"
1093,"41.914017,-87.91767",41.9140168,-87.9176703,1,Aligned Data Centers,ORD-01 Chicago,"505 Northwest Avenue, Northlake, IL, USA"
1094,"41.921369,-87.919286",41.9213686,-87.9192855,1,Microsoft Azure,North Central US-Illinois,"601 Northwest Avenue, Northlake, IL, USA"
1095,"41.926885,-87.859127",41.9268854,-87.859127,1,Digital Realty,Chicago ORD12 Data Center,"9333 Grand Avenue, Franklin Park, IL 60131, USA"
1096,"41.927017,-87.858028",41.9270174,-87.8580281,1,TierPoint,Chicago – West Data Center,"9333 West Grand Avenue, Chicago, IL, USA"
1097,"41.936966,-83.4041",41.9369661,-83.4041002,1,Telesystem,DC-2 Michigan Data Center,"1240 Huber Drive, Monroe, MI, USA"
1098,"41.973996,-87.96716",41.973996,-87.96716,1,Element Critical,Chicago Two Data Center,"341 Haynes Dr, Wood Dale, IL, USA"
1099,"41.98772,-88.008208",41.98772,-88.0082077,1,NTT Global Data Centers,CH1 Chicago Data Center,"255 Pierce Rd, Itasca, IL 60143, USA"
1100,"41.992204,-87.958168",41.9922035,-87.9581676,2,Centersquare,ORD2 (Chicago) Elk Grove Village Data Center Campus | ORD2-A Elk Grove Village Data Center,"2425 Busse Rd, Elk Grove Village, IL 60007, USA | 2425 Busse Road, Elk Grove Village, IL, USA"
1101,"41.994256,-87.961966",41.9942563,-87.9619655,1,Rackspace,ORD1  Chicago Data Center,"2200 Busse Road, Elk Grove Village, IL, USA"
1102,"41.999148,-87.958291",41.9991475,-87.9582911,1,Stream Data Centers,Chicago II Data Center,"1925 Busse Road, Elk Grove Village, IL, USA"
1103,"42.000713,-87.950788",42.0007126,-87.950788,1,EdgeConnex,CHI01 Chicago Data Center,"1800 Nicholas Boulevard, Elk Grove Village, IL, USA"
1104,"42.001098,-87.954863",42.0010976,-87.9548634,1,Equinix,CH3 Elk Grove Data Center,"1905 Lunt Avenue, Elk Grove Village, IL, USA"
1105,"42.001364,-87.952626",42.0013642,-87.9526256,1,EdgeConnex,CHI02 Chicago Data Center,"2021 Lunt Avenue, Elk Grove Village, IL, USA"
1106,"42.006683,-87.964418",42.006683,-87.9644177,1,Stack Infrastructure,CHI01 Chicago Data Center,"1441 Touhy Avenue, Elk Grove Village, IL, USA"
1107,"42.022744,-87.974234",42.022744,-87.9742342,1,T5 Data Centers,@Chicago Data Center,"200 Innovation Drive, Elk Grove Village, IL, USA"
1108,"42.024961,-87.963395",42.0249614,-87.9633949,1,Prime Data Centers,Prime Chicago - 1701 Midway Ct.,"1701 Midway Ct, Elk Grove Village, IL, USA"
1109,"42.052632,-91.554004",42.052632,-91.554004,1,ark data centers,Marion Data Center,"5055 Rec Drive, Marion, IA, USA"
1110,"42.06931,-88.047406",42.0693095,-88.0474057,1,Lumen,Arlington Heights 1 Data Center,"1305 East Algonquin Road, Schaumburg, IL, USA"
1111,"42.078071,-87.923543",42.078071,-87.923543,2,Quest Technology Management | Zayo,"Chicago, Illinois | Quest Mount Prospect Data Center","800 E Business Center Dr, Mount Prospect, IL 60056, USA | 800 East Business Center Drive, Mount Prospect, IL 60056, USA"
1112,"42.078161,-87.923522",42.078161,-87.9235215,2,Colocation America | DataBank,ChicagoDC3 Data Center | ORD3 Mount Prospect Data Center,"800 E Business Center Dr, Mount Prospect, IL, USA | 800 East Business Center Drive, Mount Prospect, IL, USA"
1113,"42.078409,-87.915646",42.0784091,-87.9156464,1,Apotech Group,Mt. Prospect,"1331 East Business Center Drive, Mount Prospect, IL, USA"
1114,"42.082835,-71.410455",42.0828353,-71.4104551,1,Centrilogic,"Boston, MA","31 Hayward St, Franklin, MA 02038, USA"
1115,"42.10922,-72.577626",42.1092204,-72.5776263,1,Crown Castle,Crown Castle Springfield (MA1),"1 Federal St, Springfield, Massachusetts 01105, USA"
1116,"42.109754,-72.576433",42.1097536,-72.5764334,1,Lumen,Springfield 1 Data Center,"1 Federal Street, Springfield, MA, USA"
1117,"42.112956,-72.583699",42.1129556,-72.5836988,1,Cogent Communications,Springfield Data Center,"400 Taylor St, Springfield, Massachusetts 01105, USA"
1118,"42.166295,-70.898299",42.1662946,-70.8982991,1,FirstLight,Rockland Data Center,"1050 Hingham St, Rockland, MA 02370, USA"
1119,"42.211332,-83.745034",42.2113322,-83.7450336,1,Otava,Ann Arbor 2 Data Center,"5340 Data Court, Ann Arbor, MI, USA"
1120,"42.212024,-83.740914",42.2120241,-83.7409141,1,Otava,Ann Arbor Data Center,"640 Avis Drive, Ann Arbor, MI, USA"
1121,"42.235425,-83.443765",42.235425,-83.443765,1,US Signal,Detroit Metro Data Center,"9275 Haggerty Rd, Belleville, MI, USA"
1122,"42.238393,-91.188784",42.2383933,-91.1887838,1,US Secure Hosting Center,Monticello Data Center,"117 E 1st St, Monticello, IA, USA"
1123,"42.242467,-87.956842",42.2424667,-87.9568422,1,Synoptek,Chicago Data Center,"935 Lakeview Pkwy ste 105, Vernon Hills, IL 60061, USA"
1124,"42.25379,-71.80805",42.2537905,-71.8080499,1,Cogent Communications,Worcester Data Center,"52 Lagrange St, Worcester, Massachusetts 01610, USA"
1125,"42.302267,-71.219577",42.3022673,-71.2195771,1,Digital Realty,Boston BOS16 Data Center,"105 Cabot Street, Needham, MA, USA"
1126,"42.312902,-71.579257",42.3129021,-71.5792571,1,TierPoint,Boston - Marlborough Data Center,"34 St Martin Dr, Marlborough, MA, USA"
1127,"42.323887,-88.147742",42.323887,-88.1477423,1,Chirisa Technology Parks,"YLO-01 YLO-01Chicago Campus, IL","300 South Fish Lake Road, Volo, IL, United States"
1128,"42.325094,-83.069586",42.325094,-83.069586,1,Lumen,Detroit 2 Data Center,"1965 Porter Street, Detroit, Michigan, EE. UU."
1129,"42.331051,-83.419518",42.331051,-83.419518,1,Otava,Metro Detroit Data Center,"6435 North Hix Road, Westland, MI, USA"
1130,"42.337157,-71.594927",42.3371567,-71.5949274,1,Synoptek,Boston Data Center,"313 Boston Post Rd W suite 130, Marlborough, MA 01752, USA"
1131,"42.340622,-71.639811",42.3406218,-71.6398111,1,Iron Mountain Data Centers,BOS - 1 - Boston Data Center,"171 Bear Foot Road, Northborough, MA, USA"
1132,"42.345623,-71.042575",42.3456228,-71.0425751,1,Verizon,Verizon Boston,"451 D Street 3rd floor, Boston, Massachusetts 02210, USA"
1133,"42.352693,-71.584186",42.3526928,-71.5841863,1,365 Data Centers,MA1 Marlboro Data Center,"250 Locke Drive, Marlborough, MA, USA"
1134,"42.353435,-71.586093",42.3534348,-71.5860927,1,365 Data Centers,MA 260 - Marlborough Data Center,"260 Locke Drive, Marlborough, MA, USA"
1135,"42.354699,-71.060271",42.3546992,-71.0602708,1,DataBank,DataBank BOS1 Data Center,"1 Summer Street, Boston, MA, USA"
1136,"42.354744,-71.060189",42.3547438,-71.0601886,1,Markley Group,Boston Data Center,"1 Summer Street, Boston, MA, United States"
1137,"42.354776,-71.060142",42.354776,-71.0601415,1,Megaport,Markley Boston Level 5 Data Center,"5/1 Summer Street, Boston, MA, USA"
1138,"42.35903,-71.05646",42.35903,-71.05646,1,CenterServ,Boston Data Center,"60 State Street, Boston, MA, USA"
1139,"42.362191,-71.079962",42.3621909,-71.0799622,1,Lumen,Cambridge 2 Data Center,"1 Main Street, Cambridge, MA, USA"
1140,"42.3652,-71.159988",42.3652,-71.159988,1,Centersquare,Boston (BO1-Watertown) Data Center,"486 Arsenal Way, Watertown, MA, USA"
1141,"42.367598,-71.086464",42.3675975,-71.0864642,1,Lumen,Cambridge 1 Data Center,"300 Bent Street, Cambridge, MA, USA"
1142,"42.369529,-71.087881",42.3695286,-71.0878806,1,Verizon,Verizon Boston #2,"89 Fulkerson St, Cambridge, East Cambridge, Massachusetts 02141, USA"
1143,"42.376503,-71.079862",42.3765027,-71.0798616,1,FirstLight,Boston Data Center,"70 Inner Belt Road, Somerville, MA, USA"
1144,"42.377932,-71.080419",42.3779319,-71.0804186,1,INAP,Boston 2 Data Center,"50 Inner Belt Road, Somerville, MA, USA"
1145,"42.377971,-71.080329",42.3779712,-71.0803289,1,Krypt,"Data Center Boston, MA (BOS1)","50 Inner Belt Rd, Somerville, MA 02143, USA"
1146,"42.378127,-71.081574",42.3781271,-71.0815744,1,Cogent Communications,Boston Data Center,"59 Inner Belt Road, Somerville, MA, USA"
1147,"42.379915,-83.061131",42.3799147,-83.0611308,1,iTel Networks Inc.,Detroit Clay St Data Center,"1545 Clay Street, Detroit, MI, USA"
1148,"42.392632,-71.040702",42.3926315,-71.0407023,1,Megaport,Markley Boston Level 4 Data Center,"4/1 Summer Street, Chelsea, MA, USA"
1149,"42.393005,-71.265322",42.3930054,-71.2653222,1,Centersquare,BOS1-B Waltham Data Center,"115 Second Ave, Waltham, MA 02451, USA"
1150,"42.395345,-71.269139",42.395345,-71.2691386,1,Equinix,BO1 Waltham Data Center,"74 West Street, Waltham, MA, USA"
1151,"42.396794,-71.267467",42.3967937,-71.2674674,1,Centersquare,BOS1 Waltham Data Center Campus,"580 Winter Street, Waltham, MA, USA"
1152,"42.397243,-71.267658",42.3972434,-71.2676577,1,Centersquare,BOS1-A Waltham Data Center,"580 Winter St, Waltham, MA 02451, USA"
1153,"42.399882,-71.253132",42.3998822,-71.2531315,1,Colospace,Waltham Data Center,"265 Winter St, Waltham, MA, USA"
1154,"42.444319,-90.679001",42.4443188,-90.6790008,1,Windstream,"Dubuque, IA Data Center","3501 Digital Dr, Dubuque, IA 52003, USA"
1155,"42.447346,-83.256714",42.4473459,-83.2567143,1,US Signal,Southfield Data Center,"21648 Melrose Avenue, Southfield, MI, USA"
1156,"42.447696,-83.262727",42.4476962,-83.2627269,1,EdgeConnex,DET01 Detroit Data Center,"21005 Lahser Road, Southfield, MI, USA"
1157,"42.466862,-83.234666",42.4668622,-83.234666,1,MOD Mission Critical,Internet 123 Data Center,"24245 Northwestern Highway, Southfield, MI, USA"
1158,"42.469875,-83.259842",42.4698746,-83.2598419,1,365 Data Centers,DT1 Detroit Data Center,"24660 Lahser Road, Southfield, MI, USA"
1159,"42.471619,-83.238142",42.4716194,-83.2381417,1,123NET,Detroit Data Center (DC1),"24700 Northwestern Hwy, Southfield, MI 48075, USA"
1160,"42.472223,-83.238138",42.4722233,-83.2381377,1,Lumen,Detroit 1 Data Center,"19675 West 10 Mile Road, Southfield, MI, USA"
1161,"42.474094,-92.458636",42.474094,-92.4586355,1,Cologix,DSM2 Des Moines Data Center,"1205 Technology Parkway, Cedar Falls, Iowa, USA"
1162,"42.49603,-83.292322",42.4960295,-83.292322,1,Lumen,Detroit 4 Data Center,"200 Galleria Officentre, Southfield, MI, USA"
1163,"42.500069,-83.032832",42.5000694,-83.0328318,1,Irongate,28201 Van Dyke Avenue,"28201 Van Dyke Avenue, Warren, MI, USA"
1164,"42.512444,-71.236748",42.5124445,-71.236748,1,Digital Realty,Boston BOS13 Data Center,"55 Middlesex Turnpike, Bedford, MA, USA"
1165,"42.528502,-71.24937",42.5285023,-71.2493705,1,Megaport,EdgeConneX Boston Data Center,"22 Linnell Circle, Billerica, MA, USA"
1166,"42.528513,-71.249367",42.5285134,-71.2493674,1,EdgeConnex,BOS01 Boston Data Center,"22 Linnell Circle, Billerica, MA 01821, USA"
1167,"42.533516,-83.177379",42.5335157,-83.1773788,1,Liberty Center One,Royal Oak MI Data Center,"4815 Delemere Avenue, Royal Oak, MI, USA"
1168,"42.537131,-83.099838",42.5371313,-83.0998379,1,ManagedWay,Detroit Data Center TYM1,"319 Executive Drive, Troy, MI, USA"
1169,"42.540671,-83.098455",42.5406708,-83.0984547,1,ManagedWay,Detroit Data Center TYM2,"600 Executive Drive, Troy, MI, USA"
1170,"42.559639,-83.193199",42.5596388,-83.1931993,1,Cogent Communications,DTW02 - FNSI - Detroit Data Center,"3331 W Big Beaver Rd, Troy, MI, USA"
1171,"42.562485,-71.294674",42.5624848,-71.294674,1,Equinix,BO2 Billerica Data Center,"41 Alexander Street, Billerica, MA, USA"
1172,"42.59693,-71.331381",42.5969298,-71.331381,1,Prov.net/IronTrust Networks,Boston North,"187 Billerica Road, Chelmsford, MA, USA"
1173,"42.625146,-73.786887",42.625146,-73.7868866,1,Cogent Communications,Albany Data Center,"89 Hannay Ln, Glenmont, New York 12077, USA"
1174,"42.649364,-73.75268",42.6493643,-73.7526798,1,INOC Data Centers,Downtown Data Center  - ALB1,"80 State Street, Albany, NY, USA"
1175,"42.650034,-73.752038",42.6500337,-73.7520377,1,Windstream,"Albany, ALB Data Center","Home Savings Bank Building, North Pearl Street, Albany, NY, USA"
1176,"42.650044,-73.75211",42.6500435,-73.7521101,1,EXA Infrastructure,EXA  Albany Data Center,"11 North Pearl Street, Albany, NY 12207, EE. UU."
1177,"42.650089,-73.752327",42.6500888,-73.7523273,1,FirstLight,Albany Data Center,"11 North Pearl Street, Albany, NY, USA"
1178,"42.651678,-73.749119",42.6516781,-73.7491187,1,Iron Rails Data Centers,Union Station Data Center,"575 Broadway, Albany, NY 12207, USA"
1179,"42.654024,-83.213918",42.6540236,-83.2139184,1,US Signal,Detroit North Data Center,"1035 W Entrance Dr, Auburn Hills, MI 48326, USA"
1180,"42.656314,-73.763092",42.6563144,-73.7630925,1,Lumen,Albany 2 Data Center,"194 Washington Avenue, Albany, NY, USA"
1181,"42.661279,-73.747738",42.661279,-73.747738,1,Lumen,Albany 1 Data Center,"316 North Pearl Street, Albany, NY, USA"
1182,"42.669023,-87.895611",42.669023,-87.8956111,1,Microsoft Azure,Mount Pleasant,"County Rd KR & 90th St, Mt Pleasant, Wisconsin 53177, USA"
1183,"42.686024,-73.842587",42.6860238,-73.8425874,1,INOC Data Centers,Uptown Data Center - ALB3,"4 Tower Place, Albany, NY, USA"
1184,"42.687959,-84.642926",42.6879593,-84.6429259,1,Liquid Web,Lansing Data Center - B,"4428 South Creyts Road, Lansing, MI, USA"
1185,"42.688569,-84.643009",42.6885687,-84.6430089,1,Liquid Web,Lansing Data Center,"4210 Creyts Road, Lansing, MI, USA"
1186,"42.696705,-71.211301",42.696705,-71.211301,1,NaviSite,Andover Data Center,"400 Minuteman Road, Andover, MA, USA"
1187,"42.735763,-73.818257",42.735763,-73.818257,1,Lumen,Albany 4 Data Center,"10 Airline Drive, Albany, NY, USA"
1188,"42.742039,-84.534383",42.7420393,-84.5343828,1,Lumen,Lansing 1 Data Center,"1206 May Street, Lansing, MI, USA"
1189,"42.74545,-73.75914",42.7454497,-73.7591395,1,TurnKey Internet,Albany Data Center,"175 Old Loudon Rd, Latham, NY, USA"
1190,"42.745456,-73.759143",42.7454556,-73.7591433,1,Hivelocity,Albany Data Center,"175 Old Loudon Road, Latham, NY, USA"
1191,"42.746097,-73.683866",42.7460966,-73.6838664,1,Iron Rails Data Centers,701 River Street Data Center,"701 River Street, Troy, NY, USA"
1192,"42.769658,-84.5049",42.7696581,-84.5049002,1,Everstream,East Lansing Data Center,"1515 Turf Ln, East Lansing, MI 48823, USA"
1193,"42.825389,-85.672784",42.8253887,-85.6727836,2,123NET | US Signal,Grand Rapids Data Center (DC4) | Grand Rapids South Data Center,"400 76th St SW, Byron Center, MI 49315, USA | 400 76th St SW, Byron Center, MI, USA"
1194,"42.851822,-85.560489",42.8518219,-85.5604892,1,Switch Data Centers,Switch Data Centers: Pyramid Data Center,"Switch GRAND RAPIDS - The Pyramid Campus, 6100 East Paris Avenue South East, Caledonia, MI, USA"
1195,"42.860095,-106.33567",42.8600946,-106.3356697,1,Mountain West Technology Networks,Casper Wyoming - Data Center of the Rockies,"851 Werner Court, Casper, WY, USA"
1196,"42.863119,-87.977808",42.8631194,-87.9778082,1,Expedient,Milwaukee Data Center,"4777 Ironwood Drive, Franklin, WI, USA"
1197,"42.875636,-78.867212",42.8756359,-78.8672123,1,Lumen,Buffalo 1 Data Center,"240 Scott Street, Buffalo, NY, USA"
1198,"42.876546,-85.560026",42.8765465,-85.5600255,1,US Signal,Grand Rapids East Data Center,"4765 Barden Drive Southeast, Kentwood, MI, USA"
1199,"42.881232,-78.846588",42.8812324,-78.8465884,1,Cogent Communications,Buffalo Data Center,"271 Bristol St, Buffalo, New York 14206, USA"
1200,"42.884112,-78.875431",42.8841121,-78.8754313,1,365 Data Centers,BU1 Buffalo Data Center,"350 Main Street, Buffalo, NY, USA"
1201,"42.886447,-78.878369",42.8864468,-78.8783689,1,WowRack,New York Data Center,"Buffalo, NY, USA"
1202,"42.893049,-78.875318",42.8930489,-78.8753185,1,ColoCrossing,BUF1 - Buffalo Data Center,"325 Delaware Avenue, Buffalo, NY, USA"
1203,"42.893075,-78.875372",42.8930754,-78.8753716,1,ServerMania,Buffalo Data Center,"325 Delaware Ave #300, Buffalo, NY 14202, USA"
1204,"42.903299,-78.872102",42.9032993,-78.8721015,1,Lumen,Buffalo 3 Data Center,"715 Delaware Avenue, Buffalo, NY, USA"
1205,"42.914712,-89.351939",42.9147121,-89.3519393,1,Amazon AWS,Wanapa Campus,"34820 Hill Road, Oregon, WI, USA"
1206,"42.914797,-85.569371",42.914797,-85.569371,1,Everstream,Grand Rapids Data Center,"3950 Sparks Drive Southeast, Grand Rapids, MI, USA"
1207,"42.928233,-71.463933",42.928233,-71.4639329,1,FirstLight,Bedford Data Center,"8 Commerce Drive, Bedford, NH, USA"
1208,"42.968623,-83.779576",42.9686231,-83.7795765,1,Otava,Mid Michigan Data Center,"5225 Exchange Drive, Flint, MI, USA"
1209,"42.969936,-73.767468",42.969936,-73.767468,1,Lumen,Albany 5 Data Center,"107 Hermes Rd, Ballston Spa, Malta, NY, USA"
1210,"42.971981,-71.468877",42.9719806,-71.4688771,1,FirstLight,Manchester Data Center,"77 Sundial Avenue, Manchester, NH, USA"
1211,"42.97798,-78.824545",42.9779797,-78.8245451,1,CenterServ,Buffalo Data Center,"50 Fountain Park, Buffalo, NY, USA"
1212,"42.991145,-87.916535",42.9911448,-87.9165353,1,Cogent Communications,Milwaukee 2 Data Center,"2915 S 5th Ct, Milwaukee, WI, USA"
1213,"42.994855,-89.424591",42.9948546,-89.4245911,1,US Signal,5515 Nobel Dr Data Center,"5515 Nobel Dr, Fitchburg, WI 53711, USA"
1214,"43.009336,-87.96114",43.0093365,-87.9611395,1,TierPoint,Milwaukee Data Center,"3701 West Burnham Street, Milwaukee, WI, USA"
1215,"43.038872,-87.908234",43.0388722,-87.9082342,1,CenterServ,Milwaukee Data Center,"250 E Wisconsin Ave, Milwaukee, WI, USA"
1216,"43.039015,-87.906926",43.039015,-87.9069263,1,Cogent Communications,Milwaukee 1 Data Center,"324 East Wisconsin Avenue, Milwaukee, WI, USA"
1217,"43.03904,-87.907046",43.0390402,-87.9070463,1,1547 Critical Systems Realty,MIWI1 Wells Building Data Center,"324 East Wisconsin Avenue, Milwaukee, WI, USA"
1218,"43.044331,-87.954079",43.0443307,-87.9540788,1,Data Holdings Data Center,Milwaukee Data Center,"3135 W Highland Blvd, Milwaukee, WI, USA"
1219,"43.048835,-89.297559",43.0488347,-89.2975589,1,EdgeConnex,MAD01 Madison Data Center,"4916 East Broadway, Madison, Wisconsin 53716, USA"
1220,"43.060014,-87.915843",43.060014,-87.9158426,1,Windstream,"Milwaukee, WI Data Center","401 West North Avenue, Milwaukee, WI 53212, USA"
1221,"43.067758,-89.392413",43.0677582,-89.3924132,1,Lumen,Madison Data Center,"612 West Main Street, Madison, WI 53703, EE. UU."
1222,"43.072676,-70.80279",43.0726765,-70.8027904,1,FirstLight,Portsmouth Data Center,"359 Corporate Drive, Portsmouth, NH, USA"
1223,"43.075315,-76.099887",43.0753154,-76.0998874,1,Cogent Communications,Syracuse Data Center,"402 N Midler Ave, Syracuse, New York 13206, USA"
1224,"43.077579,-88.184801",43.077579,-88.1848009,1,Lumen,Milwaukee 1 Data Center,"3235 Intertech Dr, Brookfield, WI, USA"
1225,"43.088674,-89.526326",43.088674,-89.5263264,1,CenterServ,Madison Data Center,"8383 Greenway Boulevard, Middleton, WI, USA"
1226,"43.093225,-76.070499",43.0932247,-76.0704988,1,Lumen,East Syracuse Data Center,"6007 Fair Lakes Road, East Syracuse, NY, USA"
1227,"43.095523,-76.174302",43.0955232,-76.1743016,1,NaviSite,Syracuse Data Center,"125 Elwood Davis Road, Syracuse, NY, USA"
1228,"43.1501,-77.730148",43.1501,-77.730148,1,Lumen,Rochester 3 Data Center,"150 Mile Crossing Blvd, Rochester, NY, USA"
1229,"43.151349,-88.009629",43.1513489,-88.0096289,1,Aventus Data Centers,Lakes Data Center,"7901 West Clinton Avenue, Milwaukee, WI, USA"
1230,"43.15545,-77.606249",43.1554502,-77.6062491,1,CenterServ,Rochester Data Center,"510 Clinton Square, Rochester, NY, USA"
1231,"43.15631,-77.611268",43.1563099,-77.6112677,1,FirstLight,Rochester Data Center,"28 East Main Street, Rochester, NY, USA"
1232,"43.167135,-77.673031",43.1671351,-77.6730314,1,Centrilogic,"Rochester, New York","28 Mansfield St, Rochester, NY 14606, USA"
1233,"43.167553,-78.751731",43.1675527,-78.7517314,1,H5 Data Centers,Buffalo Data Center,"5319 Enterprise Dr, Lockport, NY, USA"
1234,"43.248077,-124.379135",43.2480766,-124.3791347,1,Lumen,Bandon 1 Data Center,"96614 Wickizer Way, Bandon, OR, USA"
1235,"43.464681,-116.271149",43.464681,-116.271149,1,Meta,Kuna,"14991 S Cole Rd, Kuna, ID 83634"
1236,"43.512799,-88.809671",43.512799,-88.809671,1,Meta,Beaver Dam,"8715 Co Rd A, Beaver Dam, WI 53916"
1237,"43.568731,-116.20887",43.5687312,-116.2088697,1,Lumen,Boise 1 Data Center,"2223 West Airport Way, Boise, ID, EE. UU."
1238,"43.579653,-116.290679",43.5796528,-116.2906786,1,ark data centers,Boise Data Center,"2653 South Victory View Way, Boise, ID, USA"
1239,"43.596146,-96.716872",43.5961458,-96.7168719,1,TierPoint,Sioux Falls - East Data Center,"700 East 54th Street North, Sioux Falls, SD, USA"
1240,"43.596638,-116.175736",43.5966383,-116.1757359,1,Synoptek,Boise Data Center,"412 E Parkcenter Blvd #300, Boise, ID 83706, USA"
1241,"43.607958,-116.310338",43.6079582,-116.3103382,1,ValorC3,Boise 1 Data Center,"10215 W Emerald St, Boise, ID, USA"
1242,"43.618346,-116.203743",43.6183459,-116.2037429,1,CenterServ,Boise Data Center,"950 West Bannock Street, Boise, ID, USA"
1243,"43.657782,-70.261346",43.6577818,-70.2613458,1,FirstLight,Portland Data Center,"340 Cumberland Ave, Portland, ME, USA"
1244,"43.89497,-69.92315",43.8949702,-69.9231502,1,FirstLight,Brunswick Data Center,"14 Resilient Circle, Brunswick, ME, USA"
1245,"44.047402,-121.328535",44.0474018,-121.328535,1,Cascade Divide Data Centers,Bend Data Center,"207 Southwest Columbia Street, Bend, OR, USA"
1246,"44.086244,-121.282055",44.0862441,-121.2820552,1,US Signal,20845 Sockeye Pl Data Center,"20845 Sockeye Pl, Bend, OR 97701, USA"
1247,"44.086447,-121.282418",44.0864468,-121.2824175,1,MOD Mission Critical,BND1 - One Neck Data Center PoP,"20845 Sockeye Place, Bend, OR, USA"
1248,"44.207099,-88.345585",44.207099,-88.3455851,1,ark data centers,Green Bay Data Center,"W6149 Old Highway Road, Menasha, WI 54952, USA"
1249,"44.224505,-92.650504",44.224505,-92.650504,1,Google,Pine Island,"500th St & Hwy 52, 55963 Pine Island"
1250,"44.287714,-120.870153",44.2877145,-120.8701534,1,Apple Inc.,Prineville Data Center,"1600 SW Baldwin Rd, Prineville, OR 97754, USA"
1251,"44.29578,-120.887069",44.29578,-120.8870691,1,"Meta, Inc.",Prineville Data Center,"735 S.W. Connect Way, Prineville, OR, USA"
1252,"44.2966,-120.88694",44.2966,-120.88694,1,Meta,Prineville,"735 S.W. Connect Way, Prineville, OR, USA"
1253,"44.450208,-73.127517",44.4502079,-73.1275173,1,FirstLight,Burlington Data Center,"45 Krupp Drive, Williston, VT, USA"
1254,"44.632611,-90.168593",44.6326109,-90.168593,1,Aventus Data Centers,715 Data Center,"901 Commerce Drive, Marshfield, WI, USA"
1255,"44.734916,-93.063911",44.734916,-93.063911,1,Meta,Rosemount,"PWMP+XC8 Rosemount, Minnesota"
1256,"44.779581,-93.461811",44.779581,-93.461811,2,Centersquare,MSP1 Shakopee Data Center Campus | MSP1-B Shakopee Data Center,"4450 Dean Lakes Blvd, Shakopee, MN 55379, USA | 4450 Dean Lakes Boulevard, Shakopee, MN, USA"
1257,"44.789345,-93.601839",44.7893446,-93.6018389,1,CloudHQ,MSP Campus United States,"Chaska, Minnesota 55318, USA"
1258,"44.795984,-68.772339",44.7959844,-68.7723391,1,FirstLight,Bangor Data Center,"60 Summer St, Bangor, ME, USA"
1259,"44.807153,-93.636892",44.807153,-93.636892,1,Stream Data Centers,Minneapolis II - Chaska Data Center,"1706 West Creek Lane, Chaska, MN, USA"
1260,"44.808489,-93.637478",44.8084889,-93.6374777,1,LightEdge,Minneapolis I Data Center,"1708 West Creek Lane, Chaska, Minnesota 55318, USA"
1261,"44.838475,-93.145813",44.8384751,-93.145813,2,DataBank | Megaport,Databank MSO2 Data Center | MSP2 East Twin Cities Data Center,"3255 Neil Armstrong Blvd, Eagan, MN, USA | 3255 Neil Armstrong Boulevard, Eagan, MN, USA"
1262,"44.851578,-93.598688",44.8515781,-93.5986884,2,Flexential | MOD Mission Critical,MN2 - Flexential Chaska MN Data Center PoP | Minneapolis - Chaska Data Center,"3500 Lyman Blvd, Chaska, MN 55318, USA | 3500 Lyman Blvd, Chaska, MN, USA"
1263,"44.856835,-93.242514",44.8568347,-93.2425135,1,Innova Solutions,Minnesota Data Center II,"2131 Lindau Lane suite 800, Bloomington, MN 55425, USA"
1264,"44.862749,-93.33055",44.862749,-93.3305495,1,DataBank,MSP1 West Twin Cities Data Center,"7700 France Ave S, Edina, MN, USA"
1265,"44.877094,-93.407686",44.8770944,-93.4076855,1,US Signal,10290 W 70th St Data Center,"10290 W 70th St, Eden Prairie, MN 55344, USA"
1266,"44.878765,-93.404181",44.8787654,-93.4041814,1,EdgeConnex,MSP01 Minneapolis Data Center,"6875 Shady Oak Road, Eden Prairie, MN 55344, USA"
1267,"44.903097,-93.419632",44.9030967,-93.4196316,1,Lumen,Minnetonka 1 Data Center,"5510 Feltl Road, Hopkins, MN, USA"
1268,"44.946037,-92.956397",44.946037,-92.9563971,1,Irongate,500 Bielenberg Drive,"500 Bielenberg Drive, Woodbury, MN, USA"
1269,"44.948071,-93.094081",44.9480714,-93.094081,1,CenterServ,St. Paul Data Center,"445 Minnesota Street, Saint Paul, MN, USA"
1270,"44.971401,-93.254501",44.971401,-93.254501,1,Megaport,Cologix MIN3 Data Center,"511 11th Ave S Parking, 11th Avenue South, Minneapolis, MN, USA"
1271,"44.971408,-93.25458",44.9714084,-93.2545804,3,Cologix | Lumen,MIN4 Minneapolis Data Center | MIN5 Minneapolis Data Center | Minneapolis 1 Data Center,"511 11th Ave S, Minneapolis, MN, USA | 511 11th Avenue South, Minneapolis, MN, USA"
1272,"44.971526,-93.270339",44.9715259,-93.2703388,2,Data Holdings Data Center | T5 Data Centers,@Minneapolis Data Center | Minneapolis Data Center,"1001 3rd Ave S, Minneapolis, MN 55404, USA | 1001 3rd Avenue South, Minneapolis, MN, USA"
1273,"44.972274,-93.147436",44.9722744,-93.147436,1,H5 Data Centers,Minneapolis Data Center,"1125 Energy Park Drive, Saint Paul, MN, USA"
1274,"44.978337,-93.268708",44.9783366,-93.2687083,1,CenterServ,Minneapolis Data Center,"100 South 5th Street, Minneapolis, MN, USA"
1275,"44.980898,-93.267582",44.9808983,-93.2675823,1,Cogent Communications,Minneapolis Data Center,"250 Marquette Avenue, Minneapolis, MN, USA"
1276,"44.985087,-93.267998",44.9850866,-93.2679985,1,Irongate,110 North First Street,"110 North 1st Street, Minneapolis, MN, USA"
1277,"45.14438,-93.385913",45.1443798,-93.3859134,1,DataBank,DataBank MSP3 Data Center,"8111 Oxbow Creek Drive North, Brooklyn Park, MN, USA"
1278,"45.475629,-122.776122",45.4756287,-122.7761221,1,Digital Fortress,Portland Data Center 2 - (PTL2),"9705 Southwest Sunshine Court, Beaverton, OR, USA"
1279,"45.483493,-122.805787",45.4834934,-122.8057872,1,Lumen,Portland 2 Data Center,"707 SW Washington Ave, Beaverton, OR, USA"
1280,"45.52122,-122.681836",45.5212203,-122.6818359,1,Digital Fortress,Downtown Portland Data Center 1 - (PTL),"511 Southwest 10th Avenue, Portland, OR, USA"
1281,"45.521366,-122.680792",45.5213658,-122.6807921,1,1547 Critical Systems Realty,PTOR1 Portland Data Center,"921 Southwest Washington Street, Portland, OR, USA"
1282,"45.522187,-122.676291",45.5221871,-122.6762912,1,CenterServ,Portland Data Center,"111 SW 5th Ave, Portland, OR, USA"
1283,"45.531647,-122.685179",45.5316473,-122.6851786,1,Lumen,Portland 1 Data Center,"1335 Northwest Northrup Street, Portland, OR, USA"
1284,"45.531694,-122.683908",45.5316942,-122.6839082,1,H5 Data Centers,Portland Data Center,"1233 Northwest 12th Avenue, Portland, OR, USA"
1285,"45.534296,-122.955464",45.534296,-122.955464,1,OVHCloud,HIL1 Data Center,"1300 NE 25th Ave, Hillsboro, Oregon 97124, USA"
1286,"45.542556,-122.878898",45.5425561,-122.878898,1,EdgeConnex,POR02 Portland Data Center,"6297 NE Evergreen Pkwy building a, Hillsboro, OR 97124, USA"
1287,"45.54383,-122.721913",45.5438301,-122.7219127,1,Cogent Communications,Portland Data Center,"2953 NW St Helens Rd, Portland, Oregon 97210, USA"
1288,"45.546379,-122.897841",45.5463788,-122.8978409,1,Stack Infrastructure,POR02 - Portland Data Center,"21515 NW Evergreen Pkwy, Hillsboro, OR, USA"
1289,"45.547403,-122.897906",45.5474027,-122.8979057,1,Opus Interactive,Hillsboro Data Center,"8135 Northeast Evergreen Parkway, Hillsboro, OR, USA"
1290,"45.547609,-122.892017",45.547609,-122.892017,2,Digital Realty | Megaport,Digital Realty PRT1 Data Center | Portland PDX10 Data Center,"3825 NW Aloclek Pl, Hillsboro, OR, USA | 3825 Northwest Aloclek Place, Hillsboro, OR, USA"
1291,"45.54845,-122.891445",45.5484502,-122.891445,2,CyberNest | Flexential,CyberNest Portland | Portland - Hillsboro 1 Data Center,"3935 NE Aloclek Dr, Hillsboro, OR 97124, USA | 3935 Northeast Aloclek Drive, Hillsboro, OR, USA"
1292,"45.549514,-122.937479",45.5495142,-122.9374791,1,NTT Global Data Centers,HI1 Hillsboro Data Center,"4050 NE Evergreen Rd, Hillsboro, OR 97124, USA"
1293,"45.549631,-122.935108",45.549631,-122.9351076,1,NTT Global Data Centers,Hillsboro HI1 Data Center,"4050 NE Evergreen Rd, Hillsboro, Oregón, EE. UU."
1294,"45.551182,-122.948309",45.5511824,-122.9483092,1,Aligned Data Centers,"Hillsboro, OR Campus","NE 30th Ave & Northeast Evergreen Road, Hillsboro, OR, USA"
1295,"45.551667,-122.915302",45.5516673,-122.9153021,1,EdgeConnex,POR01 Portland Data Center,"6327 NW Evergreen Pkwy building c suite c 300, Hillsboro, OR 97124, USA"
1296,"45.552794,-122.914621",45.5527939,-122.9146213,1,Megaport,EdgeConneX Portland Data Center,"23245 Northwest Evergreen Parkway, Hillsboro, OR, USA"
1297,"45.554203,-122.937924",45.5542026,-122.9379236,1,Stack Infrastructure,POR03 - Portland Data Center,"4735 NE Starr Blvd, Hillsboro, Oregon 97124, USA"
1298,"45.555183,-122.939056",45.555183,-122.9390564,1,Flexential,Portland - Hillsboro 4 Data Center,"4915 NE Starr Blvd, Hillsboro, OR, USA"
1299,"45.555457,-122.939805",45.5554569,-122.939805,1,T5 Data Centers,@Portland Data Center,"4915 NE Starr Blvd, Hillsboro, OR 97124, USA"
1300,"45.55647,-122.93933",45.5564705,-122.9393305,1,Flexential,Portland - Hillsboro 5 Data Center,"4975 NE Starr Blvd, Hillsboro, OR, USA"
1301,"45.55717,-122.927173",45.5571701,-122.9271734,1,QTS Data Centers,Hillsboro 1 Data Center,"4951 Northeast Huffman Street, Hillsboro, OR, USA"
1302,"45.557835,-122.916869",45.5578346,-122.916869,1,Enzu,PDX1 Hillsboro Data Center,"23605 Northeast Huffman Street, Hillsboro, OR, USA"
1303,"45.55785,-122.917164",45.5578496,-122.9171644,1,MOD Mission Critical,PO2 - Flexential Hillsboro 2 Data Center PoP,"5737 Northeast Huffman Street, Hillsboro, OR, USA"
1304,"45.557854,-122.917023",45.5578535,-122.917023,1,Flexential,Portland - Hillsboro 2 Data Center,"5737 NE Huffman St, Hillsboro, OR 97124, USA"
1305,"45.559197,-122.938004",45.5591974,-122.9380037,1,QTS Data Centers,Hillsboro 3 Data Center,"5419 NE Starr Blvd, Hillsboro, OR 97124, USA"
1306,"45.559203,-122.938018",45.559203,-122.938018,1,Flexential,Portland - Hillsboro 3 Data Center,"5419 NE Starr Blvd, Hillsboro, OR, USA"
1307,"45.567611,-73.75712",45.567611,-73.7571198,1,CenterServ,Laval Data Center,"2572 Boulevard Daniel-Johnson, Laval, QC, Canada"
1308,"45.568766,-122.920568",45.5687664,-122.9205682,1,Digital Realty,Portland PDX12 Data Center,"5870 Northeast Schaaf Street, Hillsboro, OR 97124, USA"
1309,"45.63179,-121.200943",45.6317898,-121.2009427,1,Google,"The Dalles, OR Data Center","4200 Columbia Rd, The Dalles, OR 97058, USA"
1310,"45.633229,-121.199659",45.633229,-121.199659,1,Google,The Dalles,"4200 Columbia Rd, The Dalles"
1311,"45.695907,-119.623256",45.6959066,-119.6232555,1,Amazon AWS,Bombing Campus,"Bombing Range Rd, Boardman, Oregon 97818, USA"
1312,"45.797828,-119.366617",45.7978285,-119.366617,1,Amazon AWS,Livestock Campus,"28803 NW Livestock Rd, Hermiston, Oregon 97838, USA"
1313,"45.80685,-119.36305",45.8068499,-119.3630498,1,Amazon AWS,77954 Cottonwood Bend PDX81,"77954 Cottonwood Bend Road, Hermiston, OR 97838, USA"
1314,"45.813228,-119.27167",45.8132275,-119.2716697,1,Amazon AWS,Penney Campus,"976-994 E Penney Ave, Hermiston, Oregon 97838, USA"
1315,"45.830328,-119.68519",45.830328,-119.6851903,1,Amazon AWS,"PDX93 Boardman, OR","Olson Rd SE, Boardman, OR 97818, USA"
1316,"45.836596,-119.689778",45.8365965,-119.6897783,1,Amazon AWS,PDX92,"79388 Olson Rd, Boardman, OR 97818, USA"
1317,"45.840997,-119.652722",45.8409968,-119.652722,1,Amazon AWS,"PDX4 Boardman, OR","79539 Rippee Road, Boardman, OR 97818, USA"
1318,"45.845553,-119.65909",45.845553,-119.6590902,2,Amazon AWS,"PDX61 Boardman, OR | Rippee Campus","Rippee Rd, Boardman, Oregon 97818, USA | Rippee Road, Boardman, OR 97818, USA"
1319,"45.846937,-119.606027",45.846937,-119.6060266,1,Amazon AWS,75294 Lewis,"75294 Lewis and Clark Dr, Boardman, Oregon 97818, USA"
1320,"45.846952,-119.603816",45.8469518,-119.6038162,2,Amazon AWS,75300 Lewis | Lewis and Clark East Campus,"75300 Lewis and Clark Dr, Boardman, OR 97818, USA | 75300 Lewis and Clark Dr, Boardman, Oregon 97818, USA"
1321,"45.847669,-119.631534",45.8476688,-119.6315335,1,Amazon AWS,Port of Morrow 3,"73200 Lewis and Clark Drive, Boardman, OR, USA"
1322,"45.849726,-119.608579",45.8497264,-119.6085788,1,Amazon AWS,75288 Lewis,"75288 Lewis and Clark Dr, Boardman, Oregon 97818, USA"
1323,"45.84994,-119.620339",45.8499399,-119.6203389,1,Amazon AWS,75282 Lewis,"75282 Lewis and Clark Dr, Boardman, Oregon 97818, USA"
1324,"45.850731,-119.630543",45.8507306,-119.6305426,2,Amazon AWS,"73575 Lewis | PDX1 Boardman, OR","73575 Lewis and Clark Dr, Boardman, Oregon 97818, USA | 73575 Lewis and Clark Drive, Boardman, OR 97818, USA"
1325,"45.85085,-119.630542",45.85085,-119.6305424,2,Amazon AWS,"73579 Lewis | PDX58 Boardman, OR","73579 Lewis and Clark Dr, Boardman, Oregon 97818, USA | 73579 Lewis and Clark Drive, Boardman, OR 97818, USA"
1326,"45.852211,-119.62988",45.852211,-119.6298804,1,Amazon AWS,73577 Lewis,"73577 Lewis and Clark Dr, Boardman, Oregon 97818, USA"
1327,"45.852218,-119.628946",45.8522183,-119.628946,1,Amazon AWS,"PDX50 Boardman, OR","73577 Lewis and Clark Drive, Boardman, OR 97818, USA"
1328,"45.854831,-119.292568",45.8548306,-119.2925679,1,Amazon AWS,PDX80 Hermiston OR,"Hermiston, OR 97838, USA"
1329,"45.856427,-119.6224",45.8564273,-119.6223997,2,Amazon AWS,Gar Swanson Campus | PDX111,"Gar Swanson Dr, Boardman, Oregon 97818, USA | Gar Swanson Drive, Boardman, OR, USA"
1330,"45.859409,-119.608016",45.8594086,-119.6080158,1,Amazon AWS,75250 Gar Swanson,"75250 Gar Swanson Dr, Boardman, Oregon 97818, USA"
1331,"45.859754,-119.60871",45.8597537,-119.6087101,1,Amazon AWS,75242 Gar Swanson,"75242 Gar Swanson Dr, Boardman, Oregon 97818, USA"
1332,"45.862044,-119.609358",45.8620436,-119.6093579,1,Amazon AWS,75254 Gar Swanson,"75254 Gar Swanson Dr, Boardman, Oregon 97818, USA"
1333,"45.905191,-119.325663",45.9051911,-119.3256634,2,Amazon AWS,PDX67 | PDX69,"Bonney Ln, Umatilla, OR, USA"
1334,"45.909062,-119.343869",45.9090617,-119.3438694,1,Amazon AWS,Powerline Campus,"80817 Powerline Road, Umatilla, Oregon 97882, USA"
1335,"45.916464,-119.268246",45.9164638,-119.2682463,1,Amazon AWS,PDX2 Umatilla,"2400 Beach Access Road, Umatilla, OR 97882, USA"
1336,"45.921497,-119.265746",45.9214969,-119.2657458,1,Amazon AWS,PDX51,"Beach Access Rd, Umatilla, OR 97882, USA"
1337,"46.212947,-119.187198",46.2129472,-119.1871985,1,MOD Mission Critical,KEN1 Ziply Kennewick WA Data Center PoP,"4916 West Clearwater Avenue, Kennewick, WA 99336, USA"
1338,"46.778725,-92.280101",46.778725,-92.280101,1,Google,Hermantown,Midway Rd & Morris Thomas Rd55810 Hermantown
1339,"46.786672,-92.100485",46.7866719,-92.1004852,1,ark data centers,Duluth Data Center,"Duluth, MN, USA"
1340,"46.836522,-96.865912",46.8365218,-96.8659119,1,Midco Business,Fargo Data Center,"4624 28th Ave S, Fargo, ND, USA"
1341,"46.872085,-113.993383",46.8720854,-113.9933834,1,MOD Mission Critical,MIS1 - VisionNet-MSO Missoula Data Center PoP,"110 East Broadway Street, Missoula, MT, USA"
1342,"47.154858,-122.279018",47.1548585,-122.2790184,1,Colocation Northwest,South Hill Data Center,"1023 39th Avenue Southeast, Puyallup, WA, USA"
1343,"47.210412,-119.99305",47.2104118,-119.9930496,1,CyrusOne,PNW1 Quincy Data Center,"D Street, Quincy, WA 98848, USA"
1344,"47.237772,-119.884924",47.2377718,-119.8849245,1,Microsoft Azure,Columbia Data Center,"1515 Port Industrial Way, Quincy, Washington 98848, USA"
1345,"47.239079,-119.880307",47.2390794,-119.8803073,1,Microsoft Azure,West US 2-Washington,"1515 Port Industrial Way, Quincy, WA, USA"
1346,"47.247916,-119.824924",47.2479159,-119.8249245,1,H5 Data Centers,Quincy II Data Center,"1500 M Street Northeast, Quincy, WA, USA"
1347,"47.250142,-119.814463",47.2501422,-119.8144629,1,Vantage Data Centers,WA1 Quincy Data Center Campus,"2101 M Street Northeast, Quincy, WA, USA"
1348,"47.252471,-119.819721",47.2524707,-119.8197212,1,H5 Data Centers,Quincy Data Center,"1711 M Street Northeast, Quincy, WA, USA"
1349,"47.253339,-122.436765",47.2533388,-122.436765,1,Colocation Northwest,Tacoma Data Center,"1101 A Street, Tacoma, WA, USA"
1350,"47.41754,-120.212459",47.4175398,-120.2124587,1,Microsoft Azure,East Wenatchee,"875 Urban Industrial Wy, East Wenatchee, Washington 98802, USA"
1351,"47.420627,-122.247527",47.4206271,-122.247527,1,Equinix,SE4 Kent Data Center,"6906 S 204th St, Kent, WA, USA"
1352,"47.421688,-122.247509",47.4216883,-122.2475094,1,FDCservers.net,SE4 Equinix,"6906 South 204th Street, Kent, WA, USA"
1353,"47.440674,-122.255476",47.4406742,-122.2554762,2,Centersquare,SEA2 Tukwila Data Center Campus | SEA2-A Tukwila Data Center,"6101 S 180th St, Tukwila, WA 98188, USA | 6101 South 180th Street, Tukwila, WA, USA"
1354,"47.491883,-122.289792",47.4918832,-122.2897923,1,INAP,Seattle 2 Data Center,"3355 South 120th Place, Tukwila, WA, USA"
1355,"47.49219,-122.293345",47.4921896,-122.2933454,1,Centersquare,SEA1 Tukwila Data Center Campus,"12301 Tukwila International Boulevard, Tukwila, WA, USA"
1356,"47.492977,-122.288877",47.492977,-122.2888768,1,Zenlayer,SEA1 Seattle Data Center,"3433 South 120th Place, Tukwila, WA 98168, USA"
1357,"47.49312,-122.293712",47.4931201,-122.2937124,2,ColoCrossing | WowRack,SEA1 - Seattle Data Center | Seattle Data Center,"12201 Tukwila International Blvd, Tukwila, WA, USA | 12201 Tukwila International Boulevard, Tukwila, WA, USA"
1358,"47.494136,-122.29441",47.494136,-122.2944098,1,Digital Fortress,South Seattle Data Center - (TUK),"12101 Tukwila International Boulevard, Tukwila, WA, USA"
1359,"47.494505,-122.244307",47.4945049,-122.244307,1,HopOne @CherryRoad,SEA2 Seattle Data Center,"3311 South 120th Place, Seattle, WA, USA"
1360,"47.495063,-122.290932",47.4950629,-122.290932,1,DataBank,SEA2 SeaTAC Data Center,"3311 South 120th Place, Tukwila, WA, USA"
1361,"47.499252,-122.300944",47.499252,-122.3009439,1,EdgeConnex,SEA01 Seattle Data Center,"3425 South 116th Street building 6 suite 133, Seattle, WA 98168, USA"
1362,"47.583534,-122.134492",47.5835339,-122.1344921,1,Colocation Northwest,Bellevue Data Center,"15400 Southeast 30th Place, Bellevue, WA, USA"
1363,"47.606139,-122.332848",47.6061389,-122.3328481,1,Vultr,Seattle,"Seattle, WA, USA"
1364,"47.610325,-117.518384",47.6103251,-117.5183835,1,Cogent Communications,Spokane Data Center,"4725 S Spotted Rd, Spokane, Washington 99224, USA"
1365,"47.610974,-122.334306",47.6109736,-122.3343055,1,Hivelocity,SEA1 Seattle Data Center,"20001 6th Ave, Seattle, WA, USA"
1366,"47.614346,-122.33857",47.6143459,-122.3385698,1,Digital Realty,Seattle SEA10 Data Center,"Westin Building Exchange, 2001 6th Avenue, Seattle, WA 98121, USA"
1367,"47.614347,-122.338884",47.6143474,-122.3388835,1,Equinix,SE2 Seattle Data Center,"2001 6th Avenue, Seattle, WA, USA"
1368,"47.614425,-122.339737",47.6144252,-122.3397368,1,Equinix,SE3 Seattle Data Center,"2020 5th Avenue, Seattle, WA, USA"
1369,"47.617791,-122.356763",47.6177909,-122.3567634,1,Digital Fortress,Downtown Seattle Data Center - (SEA),"3101 Western Avenue, Seattle, WA, USA"
1370,"47.619053,-122.336403",47.6190528,-122.3364032,1,H5 Data Centers,Seattle Data Center,"1000 Denny Way, Seattle, WA, USA"
1371,"47.619054,-122.336393",47.619054,-122.336393,1,Lumen,Seattle 1 Data Center,"1000 Denny Way, Seattle, WA, USA"
1372,"47.619446,-122.34811",47.6194455,-122.3481104,1,Evocative,Seattle Data Center (SEA1),"140 4th Avenue North, Seattle, WA 98109, USA"
1373,"47.632512,-122.138538",47.632512,-122.1385385,1,Colocation Northwest,Redmond Data Center,"2457 152nd Avenue Northeast, Redmond, WA, USA"
1374,"47.655347,-117.41682",47.655347,-117.4168202,1,Innova Solutions,Spokane Data Center,"304 West Pacific Avenue suite 210, Spokane, Washington, USA"
1375,"47.658366,-117.419213",47.6583659,-117.4192126,1,Neutron Colocation,Spokane Data Center,"422 West Riverside Avenue, Spokane, WA, USA"
1376,"47.671895,-117.091642",47.6718946,-117.0916418,1,TierPoint,Spokane 23403 East Mission Data Center,"23403 East Mission Avenue, Liberty Lake, WA 99019, USA"
1377,"47.671945,-117.096001",47.6719447,-117.0960007,1,TierPoint,Spokane 23017 E Mission Data Center,"23017 East Mission Avenue, Liberty Lake, WA 99019, USA"
1378,"47.696497,-116.787537",47.6964966,-116.7875369,1,MOD Mission Critical,IDA1 - Ziply Idaho Data Center PoP,"2115 North Government Way, Coeur d'Alene, ID 83814, USA"
1379,"47.700339,-116.794444",47.7003392,-116.794444,1,Neutron Colocation,Coeur d' Alene Data Center,"600 West Appleway Avenue, Coeur d'Alene, ID, USA"
1380,"47.822502,-122.289475",47.8225022,-122.2894752,1,ByteGrid,Lynnwood Data Center,"4200 194th Street Southwest, Lynnwood, Washington 98036, USA"
1381,"47.822503,-122.289478",47.8225033,-122.2894777,1,Digital Fortress,North Seattle Data Center - (LYN),"4200 194th St SW, Lynnwood, WA, USA"
1382,"47.842011,-122.301668",47.8420106,-122.3016677,2,AT&T | Centersquare,Lynnwood Data Center | Seattle (SE1-Lynnwood) Data Center,"17300 Hwy 99, Lynnwood, Washington, USA | 17300 Washington 99, Lynnwood, WA, USA"
1383,"47.921151,-122.226913",47.9211511,-122.2269126,1,MOD Mission Critical,EVE1 - Ziply Everett WA Data Center PoP,"426 East Casino Road, Everett, WA, USA"
1384,"48.75921,-122.503561",48.7592103,-122.5035611,1,Lunavi,Bellingham Data Center,"851 Coho Way, Bellingham, WA, USA"
